광역지자체명,기초지자체명,광역지자체 방문자 수,광역지자체 방문자 비율,기초지자체 방문자 수,기초지자체 방문자 비율,연도
강원특별자치도,강릉시,133465633.0,4.9,31244031.0,13.2,2018
강원특별자치도,고성군,133465633.0,4.9,9821074.0,4.1,2018
강원특별자치도,동해시,133465633.0,4.9,10037318.0,4.2,2018
강원특별자치도,삼척시,133465633.0,4.9,11081392.0,4.7,2018
강원특별자치도,속초시,133465633.0,4.9,20767198.0,8.8,2018
강원특별자치도,양구군,133465633.0,4.9,2740426.0,1.2,2018
강원특별자치도,양양군,133465633.0,4.9,13226216.0,5.6,2018
강원특별자치도,영월군,133465633.0,4.9,6147978.0,2.6,2018
강원특별자치도,원주시,133465633.0,4.9,29589903.0,12.5,2018
강원특별자치도,인제군,133465633.0,4.9,8723666.0,3.7,2018
강원특별자치도,정선군,133465633.0,4.9,9008307.0,3.8,2018
강원특별자치도,철원군,133465633.0,4.9,5299042.0,2.2,2018
강원특별자치도,춘천시,133465633.0,4.9,26285707.0,11.1,2018
강원특별자치도,태백시,133465633.0,4.9,5048050.0,2.1,2018
강원특별자치도,평창군,133465633.0,4.9,14960620.0,6.3,2018
강원특별자치도,홍천군,133465633.0,4.9,15025465.0,6.3,2018
강원특별자치도,화천군,133465633.0,4.9,3787900.0,1.6,2018
강원특별자치도,횡성군,133465633.0,4.9,14251114.0,6.0,2018
경기도,가평군,584520363.0,21.4,24593978.0,1.6,2018
경기도,고양시,584520363.0,21.4,127615758.0,8.1,2018
경기도,과천시,584520363.0,21.4,19089592.0,1.2,2018
경기도,광명시,584520363.0,21.4,40368167.0,2.6,2018
경기도,광주시,584520363.0,21.4,43595220.0,2.8,2018
경기도,구리시,584520363.0,21.4,39439547.0,2.5,2018
경기도,군포시,584520363.0,21.4,24840974.0,1.6,2018
경기도,김포시,584520363.0,21.4,45065762.0,2.9,2018
경기도,남양주시,584520363.0,21.4,59661070.0,3.8,2018
경기도,동두천시,584520363.0,21.4,9491083.0,0.6,2018
경기도,부천시,584520363.0,21.4,75700422.0,4.8,2018
경기도,성남시,584520363.0,21.4,134659844.0,8.5,2018
경기도,수원시,584520363.0,21.4,155315990.0,9.8,2018
경기도,시흥시,584520363.0,21.4,48450356.0,3.1,2018
경기도,안산시,584520363.0,21.4,68983002.0,4.4,2018
경기도,안성시,584520363.0,21.4,31025956.0,2.0,2018
경기도,안양시,584520363.0,21.4,68791506.0,4.4,2018
경기도,양주시,584520363.0,21.4,27264909.0,1.7,2018
경기도,양평군,584520363.0,21.4,30421450.0,1.9,2018
경기도,여주시,584520363.0,21.4,26272082.0,1.7,2018
경기도,연천군,584520363.0,21.4,6620887.0,0.4,2018
경기도,오산시,584520363.0,21.4,24348146.0,1.5,2018
경기도,용인시,584520363.0,21.4,116130770.0,7.3,2018
경기도,의왕시,584520363.0,21.4,22713498.0,1.4,2018
경기도,의정부시,584520363.0,21.4,42029460.0,2.7,2018
경기도,이천시,584520363.0,21.4,37154705.0,2.4,2018
경기도,파주시,584520363.0,21.4,45784074.0,2.9,2018
경기도,평택시,584520363.0,21.4,37657056.0,2.4,2018
경기도,포천시,584520363.0,21.4,24478965.0,1.5,2018
경기도,하남시,584520363.0,21.4,40148941.0,2.5,2018
경기도,화성시,584520363.0,21.4,83008779.0,5.3,2018
경상남도,거제시,146715002.0,5.4,21390838.0,6.4,2018
경상남도,거창군,146715002.0,5.4,6325648.0,1.9,2018
경상남도,고성군,146715002.0,5.4,7896598.0,2.4,2018
경상남도,김해시,146715002.0,5.4,37900152.0,11.4,2018
경상남도,남해군,146715002.0,5.4,7928568.0,2.4,2018
경상남도,밀양시,146715002.0,5.4,11380670.0,3.4,2018
경상남도,사천시,146715002.0,5.4,15202106.0,4.6,2018
경상남도,산청군,146715002.0,5.4,6302964.0,1.9,2018
경상남도,양산시,146715002.0,5.4,30634628.0,9.2,2018
경상남도,의령군,146715002.0,5.4,3728515.0,1.1,2018
경상남도,진주시,146715002.0,5.4,23037948.0,6.9,2018
경상남도,창녕군,146715002.0,5.4,8959114.0,2.7,2018
경상남도,창원시,146715002.0,5.4,109360489.0,32.8,2018
경상남도,통영시,146715002.0,5.4,16468330.0,4.9,2018
경상남도,하동군,146715002.0,5.4,6477702.0,1.9,2018
경상남도,함안군,146715002.0,5.4,9216830.0,2.8,2018
경상남도,함양군,146715002.0,5.4,5080978.0,1.5,2018
경상남도,합천군,146715002.0,5.4,6268252.0,1.9,2018
경상북도,경산시,165693220.0,6.1,30796675.0,10.4,2018
경상북도,경주시,165693220.0,6.1,40358686.0,13.6,2018
경상북도,고령군,165693220.0,6.1,4988361.0,1.7,2018
경상북도,구미시,165693220.0,6.1,24554716.0,8.3,2018
경상북도,김천시,165693220.0,6.1,11802402.0,4.0,2018
경상북도,문경시,165693220.0,6.1,9697198.0,3.3,2018
경상북도,봉화군,165693220.0,6.1,3949890.0,1.3,2018
경상북도,상주시,165693220.0,6.1,11419390.0,3.9,2018
경상북도,성주군,165693220.0,6.1,6679029.0,2.3,2018
경상북도,안동시,165693220.0,6.1,18414046.0,6.2,2018
경상북도,영덕군,165693220.0,6.1,9171162.0,3.1,2018
경상북도,영양군,165693220.0,6.1,1584306.0,0.5,2018
경상북도,영주시,165693220.0,6.1,8722840.0,2.9,2018
경상북도,영천시,165693220.0,6.1,11592368.0,3.9,2018
경상북도,예천군,165693220.0,6.1,6095148.0,2.1,2018
경상북도,울릉군,165693220.0,6.1,1474616.0,0.5,2018
경상북도,울진군,165693220.0,6.1,7210822.0,2.4,2018
경상북도,의성군,165693220.0,6.1,6280516.0,2.1,2018
경상북도,청도군,165693220.0,6.1,8864198.0,3.0,2018
경상북도,청송군,165693220.0,6.1,5422025.0,1.8,2018
경상북도,칠곡군,165693220.0,6.1,17624898.0,6.0,2018
경상북도,포항시,165693220.0,6.1,49007126.0,16.6,2018
광주광역시,광산구,63518182.0,2.3,42064638.0,21.7,2018
광주광역시,남구,63518182.0,2.3,21244335.0,11.0,2018
광주광역시,동구,63518182.0,2.3,37269365.0,19.2,2018
광주광역시,북구,63518182.0,2.3,44304536.0,22.8,2018
광주광역시,서구,63518182.0,2.3,49030194.0,25.3,2018
대구광역시,군위군,104424348.0,3.8,6436784.0,1.8,2018
대구광역시,남구,104424348.0,3.8,29731835.0,8.2,2018
대구광역시,달서구,104424348.0,3.8,56229761.0,15.4,2018
대구광역시,달성군,104424348.0,3.8,27761156.0,7.6,2018
대구광역시,동구,104424348.0,3.8,52672207.0,14.5,2018
대구광역시,북구,104424348.0,3.8,48350242.0,13.3,2018
대구광역시,서구,104424348.0,3.8,22063808.0,6.1,2018
대구광역시,수성구,104424348.0,3.8,48699892.0,13.4,2018
대구광역시,중구,104424348.0,3.8,72231537.0,19.8,2018
대전광역시,대덕구,82200738.0,3.0,23027200.0,10.6,2018
대전광역시,동구,82200738.0,3.0,34413544.0,15.9,2018
대전광역시,서구,82200738.0,3.0,58778125.0,27.1,2018
대전광역시,유성구,82200738.0,3.0,54972309.0,25.3,2018
대전광역시,중구,82200738.0,3.0,45813873.0,21.1,2018
부산광역시,강서구,145717600.0,5.3,32112535.0,5.9,2018
부산광역시,금정구,145717600.0,5.3,30656521.0,5.6,2018
부산광역시,기장군,145717600.0,5.3,34420284.0,6.3,2018
부산광역시,남구,145717600.0,5.3,30387710.0,5.6,2018
부산광역시,동구,145717600.0,5.3,33016098.0,6.1,2018
부산광역시,동래구,145717600.0,5.3,37635210.0,6.9,2018
부산광역시,부산진구,145717600.0,5.3,71094488.0,13.0,2018
부산광역시,북구,145717600.0,5.3,19572777.0,3.6,2018
부산광역시,사상구,145717600.0,5.3,33129159.0,6.1,2018
부산광역시,사하구,145717600.0,5.3,23248260.0,4.3,2018
부산광역시,서구,145717600.0,5.3,19758844.0,3.6,2018
부산광역시,수영구,145717600.0,5.3,34314350.0,6.3,2018
부산광역시,연제구,145717600.0,5.3,27314294.0,5.0,2018
부산광역시,영도구,145717600.0,5.3,14724927.0,2.7,2018
부산광역시,중구,145717600.0,5.3,39916362.0,7.3,2018
부산광역시,해운대구,145717600.0,5.3,64294377.0,11.8,2018
서울특별시,강남구,585384894.0,21.4,196553004.0,10.3,2018
서울특별시,강동구,585384894.0,21.4,48920098.0,2.6,2018
서울특별시,강북구,585384894.0,21.4,32978942.0,1.7,2018
서울특별시,강서구,585384894.0,21.4,61280317.0,3.2,2018
서울특별시,관악구,585384894.0,21.4,52744870.0,2.8,2018
서울특별시,광진구,585384894.0,21.4,73488124.0,3.9,2018
서울특별시,구로구,585384894.0,21.4,57527687.0,3.0,2018
서울특별시,금천구,585384894.0,21.4,29880722.0,1.6,2018
서울특별시,노원구,585384894.0,21.4,52721876.0,2.8,2018
서울특별시,도봉구,585384894.0,21.4,28976899.0,1.5,2018
서울특별시,동대문구,585384894.0,21.4,55464244.0,2.9,2018
서울특별시,동작구,585384894.0,21.4,57482719.0,3.0,2018
서울특별시,마포구,585384894.0,21.4,119583471.0,6.3,2018
서울특별시,서대문구,585384894.0,21.4,85388541.0,4.5,2018
서울특별시,서초구,585384894.0,21.4,152368332.0,8.0,2018
서울특별시,성동구,585384894.0,21.4,51106276.0,2.7,2018
서울특별시,성북구,585384894.0,21.4,50484676.0,2.7,2018
서울특별시,송파구,585384894.0,21.4,113352673.0,6.0,2018
서울특별시,양천구,585384894.0,21.4,37525047.0,2.0,2018
서울특별시,영등포구,585384894.0,21.4,103402820.0,5.4,2018
서울특별시,용산구,585384894.0,21.4,98389532.0,5.2,2018
서울특별시,은평구,585384894.0,21.4,35401359.0,1.9,2018
서울특별시,종로구,585384894.0,21.4,134545467.0,7.1,2018
서울특별시,중구,585384894.0,21.4,135541108.0,7.1,2018
서울특별시,중랑구,585384894.0,21.4,36027873.0,1.9,2018
세종특별자치시,세종특별자치시,23021856.0,0.8,26215329.0,100.0,2018
울산광역시,남구,45732718.0,1.7,44527868.0,34.2,2018
울산광역시,동구,45732718.0,1.7,11905397.0,9.1,2018
울산광역시,북구,45732718.0,1.7,20357474.0,15.6,2018
울산광역시,울주군,45732718.0,1.7,28682976.0,22.0,2018
울산광역시,중구,45732718.0,1.7,24768905.0,19.0,2018
인천광역시,강화군,153429882.0,5.6,14054982.0,4.2,2018
인천광역시,계양구,153429882.0,5.6,28139940.0,8.4,2018
인천광역시,남동구,153429882.0,5.6,48557019.0,14.6,2018
인천광역시,동구,153429882.0,5.6,8803924.0,2.6,2018
인천광역시,미추홀구,153429882.0,5.6,42655914.0,12.8,2018
인천광역시,부평구,153429882.0,5.6,51548966.0,15.5,2018
인천광역시,서구,153429882.0,5.6,41231617.0,12.4,2018
인천광역시,연수구,153429882.0,5.6,37733899.0,11.3,2018
인천광역시,옹진군,153429882.0,5.6,4749276.0,1.4,2018
인천광역시,중구,153429882.0,5.6,55750030.0,16.7,2018
전라남도,강진군,111307102.0,4.1,5352980.0,2.5,2018
전라남도,고흥군,111307102.0,4.1,5288812.0,2.5,2018
전라남도,곡성군,111307102.0,4.1,4895138.0,2.3,2018
전라남도,광양시,111307102.0,4.1,12060538.0,5.7,2018
전라남도,구례군,111307102.0,4.1,5307351.0,2.5,2018
전라남도,나주시,111307102.0,4.1,13874329.0,6.6,2018
전라남도,담양군,111307102.0,4.1,13408444.0,6.3,2018
전라남도,목포시,111307102.0,4.1,22355070.0,10.6,2018
전라남도,무안군,111307102.0,4.1,12418301.0,5.9,2018
전라남도,보성군,111307102.0,4.1,6232930.0,3.0,2018
전라남도,순천시,111307102.0,4.1,22301990.0,10.6,2018
전라남도,신안군,111307102.0,4.1,4370502.0,2.1,2018
전라남도,여수시,111307102.0,4.1,22813280.0,10.8,2018
전라남도,영광군,111307102.0,4.1,6385250.0,3.0,2018
전라남도,영암군,111307102.0,4.1,8842855.0,4.2,2018
전라남도,완도군,111307102.0,4.1,5317294.0,2.5,2018
전라남도,장성군,111307102.0,4.1,8040207.0,3.8,2018
전라남도,장흥군,111307102.0,4.1,4616252.0,2.2,2018
전라남도,진도군,111307102.0,4.1,3377766.0,1.6,2018
전라남도,함평군,111307102.0,4.1,5343051.0,2.5,2018
전라남도,해남군,111307102.0,4.1,7453761.0,3.5,2018
전라남도,화순군,111307102.0,4.1,11108167.0,5.3,2018
전북특별자치도,고창군,89167253.0,3.3,9181994.0,4.6,2018
전북특별자치도,군산시,89167253.0,3.3,22728282.0,11.5,2018
전북특별자치도,김제시,89167253.0,3.3,10095222.0,5.1,2018
전북특별자치도,남원시,89167253.0,3.3,9371824.0,4.7,2018
전북특별자치도,무주군,89167253.0,3.3,7915047.0,4.0,2018
전북특별자치도,부안군,89167253.0,3.3,9306266.0,4.7,2018
전북특별자치도,순창군,89167253.0,3.3,3947674.0,2.0,2018
전북특별자치도,완주군,89167253.0,3.3,16344398.0,8.2,2018
전북특별자치도,익산시,89167253.0,3.3,21528185.0,10.9,2018
전북특별자치도,임실군,89167253.0,3.3,4981442.0,2.5,2018
전북특별자치도,장수군,89167253.0,3.3,2740182.0,1.4,2018
전북특별자치도,전주시,89167253.0,3.3,65585124.0,33.1,2018
전북특별자치도,정읍시,89167253.0,3.3,10284676.0,5.2,2018
전북특별자치도,진안군,89167253.0,3.3,4120599.0,2.1,2018
제주특별자치도,서귀포시,50818236.0,1.9,38905902.0,43.6,2018
제주특별자치도,제주시,50818236.0,1.9,50375420.0,56.4,2018
충청남도,계룡시,148008816.0,5.4,4371388.0,1.6,2018
충청남도,공주시,148008816.0,5.4,25486048.0,9.6,2018
충청남도,금산군,148008816.0,5.4,9665246.0,3.6,2018
충청남도,논산시,148008816.0,5.4,13983186.0,5.3,2018
충청남도,당진시,148008816.0,5.4,16307652.0,6.1,2018
충청남도,보령시,148008816.0,5.4,15018468.0,5.6,2018
충청남도,부여군,148008816.0,5.4,10074592.0,3.8,2018
충청남도,서산시,148008816.0,5.4,17180989.0,6.5,2018
충청남도,서천군,148008816.0,5.4,8256532.0,3.1,2018
충청남도,아산시,148008816.0,5.4,31056837.0,11.7,2018
충청남도,예산군,148008816.0,5.4,11831904.0,4.4,2018
충청남도,천안시,148008816.0,5.4,73127036.0,27.5,2018
충청남도,청양군,148008816.0,5.4,4489541.0,1.7,2018
충청남도,태안군,148008816.0,5.4,13695784.0,5.2,2018
충청남도,홍성군,148008816.0,5.4,11360818.0,4.3,2018
충청북도,괴산군,101864945.0,3.7,8397568.0,4.1,2018
충청북도,단양군,101864945.0,3.7,8263087.0,4.0,2018
충청북도,보은군,101864945.0,3.7,7367006.0,3.6,2018
충청북도,영동군,101864945.0,3.7,6082556.0,2.9,2018
충청북도,옥천군,101864945.0,3.7,10612136.0,5.1,2018
충청북도,음성군,101864945.0,3.7,14875956.0,7.2,2018
충청북도,제천시,101864945.0,3.7,13109649.0,6.4,2018
충청북도,증평군,101864945.0,3.7,5051680.0,2.4,2018
충청북도,진천군,101864945.0,3.7,10871340.0,5.3,2018
충청북도,청주시,101864945.0,3.7,99058390.0,48.0,2018
충청북도,충주시,101864945.0,3.7,22583008.0,10.9,2018
강원특별자치도,강릉시,143757912.0,4.9,32137920.0,13.0,2019
강원특별자치도,고성군,143757912.0,4.9,10441067.0,4.2,2019
강원특별자치도,동해시,143757912.0,4.9,10696844.0,4.3,2019
강원특별자치도,삼척시,143757912.0,4.9,11322878.0,4.6,2019
강원특별자치도,속초시,143757912.0,4.9,21060193.0,8.5,2019
강원특별자치도,양구군,143757912.0,4.9,3338486.0,1.3,2019
강원특별자치도,양양군,143757912.0,4.9,13805488.0,5.6,2019
강원특별자치도,영월군,143757912.0,4.9,6157910.0,2.5,2019
강원특별자치도,원주시,143757912.0,4.9,30466306.0,12.3,2019
강원특별자치도,인제군,143757912.0,4.9,9502668.0,3.8,2019
강원특별자치도,정선군,143757912.0,4.9,8981256.0,3.6,2019
강원특별자치도,철원군,143757912.0,4.9,6377332.0,2.6,2019
강원특별자치도,춘천시,143757912.0,4.9,29784122.0,12.0,2019
강원특별자치도,태백시,143757912.0,4.9,5272134.0,2.1,2019
강원특별자치도,평창군,143757912.0,4.9,14051832.0,5.7,2019
강원특별자치도,홍천군,143757912.0,4.9,15576054.0,6.3,2019
강원특별자치도,화천군,143757912.0,4.9,4861115.0,2.0,2019
강원특별자치도,횡성군,143757912.0,4.9,13832812.0,5.6,2019
경기도,가평군,655389497.0,22.2,23094194.0,1.4,2019
경기도,고양시,655389497.0,22.2,134854114.0,8.0,2019
경기도,과천시,655389497.0,22.2,19534588.0,1.2,2019
경기도,광명시,655389497.0,22.2,39709320.0,2.4,2019
경기도,광주시,655389497.0,22.2,45215079.0,2.7,2019
경기도,구리시,655389497.0,22.2,40801537.0,2.4,2019
경기도,군포시,655389497.0,22.2,26623804.0,1.6,2019
경기도,김포시,655389497.0,22.2,47667134.0,2.8,2019
경기도,남양주시,655389497.0,22.2,66050092.0,3.9,2019
경기도,동두천시,655389497.0,22.2,9651537.0,0.6,2019
경기도,부천시,655389497.0,22.2,78957372.0,4.7,2019
경기도,성남시,655389497.0,22.2,146823960.0,8.7,2019
경기도,수원시,655389497.0,22.2,169955334.0,10.1,2019
경기도,시흥시,655389497.0,22.2,51582153.0,3.1,2019
경기도,안산시,655389497.0,22.2,74544484.0,4.4,2019
경기도,안성시,655389497.0,22.2,31043834.0,1.8,2019
경기도,안양시,655389497.0,22.2,72416652.0,4.3,2019
경기도,양주시,655389497.0,22.2,29263255.0,1.7,2019
경기도,양평군,655389497.0,22.2,29930516.0,1.8,2019
경기도,여주시,655389497.0,22.2,27709090.0,1.6,2019
경기도,연천군,655389497.0,22.2,7784830.0,0.5,2019
경기도,오산시,655389497.0,22.2,26552390.0,1.6,2019
경기도,용인시,655389497.0,22.2,126731014.0,7.5,2019
경기도,의왕시,655389497.0,22.2,24520146.0,1.5,2019
경기도,의정부시,655389497.0,22.2,42947376.0,2.5,2019
경기도,이천시,655389497.0,22.2,37584004.0,2.2,2019
경기도,파주시,655389497.0,22.2,47375111.0,2.8,2019
경기도,평택시,655389497.0,22.2,42319914.0,2.5,2019
경기도,포천시,655389497.0,22.2,26015616.0,1.5,2019
경기도,하남시,655389497.0,22.2,48312614.0,2.9,2019
경기도,화성시,655389497.0,22.2,89546646.0,5.3,2019
경상남도,거제시,151265289.0,5.1,22715196.0,6.6,2019
경상남도,거창군,151265289.0,5.1,6574421.0,1.9,2019
경상남도,고성군,151265289.0,5.1,8629593.0,2.5,2019
경상남도,김해시,151265289.0,5.1,39193924.0,11.4,2019
경상남도,남해군,151265289.0,5.1,8245198.0,2.4,2019
경상남도,밀양시,151265289.0,5.1,12142305.0,3.5,2019
경상남도,사천시,151265289.0,5.1,15751638.0,4.6,2019
경상남도,산청군,151265289.0,5.1,6427116.0,1.9,2019
경상남도,양산시,151265289.0,5.1,31494183.0,9.1,2019
경상남도,의령군,151265289.0,5.1,3881920.0,1.1,2019
경상남도,진주시,151265289.0,5.1,23841310.0,6.9,2019
경상남도,창녕군,151265289.0,5.1,9184228.0,2.7,2019
경상남도,창원시,151265289.0,5.1,111579800.0,32.4,2019
경상남도,통영시,151265289.0,5.1,16292164.0,4.7,2019
경상남도,하동군,151265289.0,5.1,6819354.0,2.0,2019
경상남도,함안군,151265289.0,5.1,9714330.0,2.8,2019
경상남도,함양군,151265289.0,5.1,5211360.0,1.5,2019
경상남도,합천군,151265289.0,5.1,6656632.0,1.9,2019
경상북도,경산시,172036882.0,5.8,31656800.0,10.3,2019
경상북도,경주시,172036882.0,5.8,42743736.0,13.8,2019
경상북도,고령군,172036882.0,5.8,5232266.0,1.7,2019
경상북도,구미시,172036882.0,5.8,26384911.0,8.5,2019
경상북도,김천시,172036882.0,5.8,12365724.0,4.0,2019
경상북도,문경시,172036882.0,5.8,11129818.0,3.6,2019
경상북도,봉화군,172036882.0,5.8,4130749.0,1.3,2019
경상북도,상주시,172036882.0,5.8,12236980.0,4.0,2019
경상북도,성주군,172036882.0,5.8,6930644.0,2.2,2019
경상북도,안동시,172036882.0,5.8,18972849.0,6.1,2019
경상북도,영덕군,172036882.0,5.8,9503288.0,3.1,2019
경상북도,영양군,172036882.0,5.8,1650008.0,0.5,2019
경상북도,영주시,172036882.0,5.8,8883763.0,2.9,2019
경상북도,영천시,172036882.0,5.8,11992040.0,3.9,2019
경상북도,예천군,172036882.0,5.8,6418954.0,2.1,2019
경상북도,울릉군,172036882.0,5.8,1627668.0,0.5,2019
경상북도,울진군,172036882.0,5.8,7538332.0,2.4,2019
경상북도,의성군,172036882.0,5.8,6632430.0,2.1,2019
경상북도,청도군,172036882.0,5.8,9198658.0,3.0,2019
경상북도,청송군,172036882.0,5.8,4838015.0,1.6,2019
경상북도,칠곡군,172036882.0,5.8,17661318.0,5.7,2019
경상북도,포항시,172036882.0,5.8,50961334.0,16.5,2019
광주광역시,광산구,65535267.0,2.2,43493370.0,22.6,2019
광주광역시,남구,65535267.0,2.2,21515728.0,11.2,2019
광주광역시,동구,65535267.0,2.2,35601790.0,18.5,2019
광주광역시,북구,65535267.0,2.2,44023018.0,22.9,2019
광주광역시,서구,65535267.0,2.2,47961330.0,24.9,2019
대구광역시,군위군,106502840.0,3.6,6792695.0,1.8,2019
대구광역시,남구,106502840.0,3.6,29484273.0,7.9,2019
대구광역시,달서구,106502840.0,3.6,57525730.0,15.5,2019
대구광역시,달성군,106502840.0,3.6,29376277.0,7.9,2019
대구광역시,동구,106502840.0,3.6,56371794.0,15.1,2019
대구광역시,북구,106502840.0,3.6,49103002.0,13.2,2019
대구광역시,서구,106502840.0,3.6,21931536.0,5.9,2019
대구광역시,수성구,106502840.0,3.6,49853580.0,13.4,2019
대구광역시,중구,106502840.0,3.6,71891634.0,19.3,2019
대전광역시,대덕구,83144173.0,2.8,23402572.0,10.7,2019
대전광역시,동구,83144173.0,2.8,35775904.0,16.3,2019
대전광역시,서구,83144173.0,2.8,60149212.0,27.4,2019
대전광역시,유성구,83144173.0,2.8,55794928.0,25.4,2019
대전광역시,중구,83144173.0,2.8,44483422.0,20.3,2019
부산광역시,강서구,149672134.0,5.1,33281101.0,6.1,2019
부산광역시,금정구,149672134.0,5.1,29714374.0,5.4,2019
부산광역시,기장군,149672134.0,5.1,35265580.0,6.4,2019
부산광역시,남구,149672134.0,5.1,30712622.0,5.6,2019
부산광역시,동구,149672134.0,5.1,31445253.0,5.7,2019
부산광역시,동래구,149672134.0,5.1,37555672.0,6.8,2019
부산광역시,부산진구,149672134.0,5.1,72506812.0,13.2,2019
부산광역시,북구,149672134.0,5.1,21484844.0,3.9,2019
부산광역시,사상구,149672134.0,5.1,29395695.0,5.4,2019
부산광역시,사하구,149672134.0,5.1,24125714.0,4.4,2019
부산광역시,서구,149672134.0,5.1,20008912.0,3.6,2019
부산광역시,수영구,149672134.0,5.1,34416788.0,6.3,2019
부산광역시,연제구,149672134.0,5.1,26421098.0,4.8,2019
부산광역시,영도구,149672134.0,5.1,16011296.0,2.9,2019
부산광역시,중구,149672134.0,5.1,39469325.0,7.2,2019
부산광역시,해운대구,149672134.0,5.1,67203994.0,12.2,2019
서울특별시,강남구,648561588.0,22.0,201867586.0,10.3,2019
서울특별시,강동구,648561588.0,22.0,52673474.0,2.7,2019
서울특별시,강북구,648561588.0,22.0,34381994.0,1.8,2019
서울특별시,강서구,648561588.0,22.0,65781429.0,3.4,2019
서울특별시,관악구,648561588.0,22.0,57769408.0,3.0,2019
서울특별시,광진구,648561588.0,22.0,72715892.0,3.7,2019
서울특별시,구로구,648561588.0,22.0,61859455.0,3.2,2019
서울특별시,금천구,648561588.0,22.0,28283364.0,1.4,2019
서울특별시,노원구,648561588.0,22.0,56674457.0,2.9,2019
서울특별시,도봉구,648561588.0,22.0,31242463.0,1.6,2019
서울특별시,동대문구,648561588.0,22.0,56003962.0,2.9,2019
서울특별시,동작구,648561588.0,22.0,58348552.0,3.0,2019
서울특별시,마포구,648561588.0,22.0,116726656.0,6.0,2019
서울특별시,서대문구,648561588.0,22.0,88864534.0,4.5,2019
서울특별시,서초구,648561588.0,22.0,161902514.0,8.3,2019
서울특별시,성동구,648561588.0,22.0,55818322.0,2.9,2019
서울특별시,성북구,648561588.0,22.0,53798213.0,2.7,2019
서울특별시,송파구,648561588.0,22.0,115990308.0,5.9,2019
서울특별시,양천구,648561588.0,22.0,39097366.0,2.0,2019
서울특별시,영등포구,648561588.0,22.0,102863218.0,5.3,2019
서울특별시,용산구,648561588.0,22.0,99567629.0,5.1,2019
서울특별시,은평구,648561588.0,22.0,39041474.0,2.0,2019
서울특별시,종로구,648561588.0,22.0,136259134.0,7.0,2019
서울특별시,중구,648561588.0,22.0,133279646.0,6.8,2019
서울특별시,중랑구,648561588.0,22.0,37262998.0,1.9,2019
세종특별자치시,세종특별자치시,25170582.0,0.9,27456622.0,100.0,2019
울산광역시,남구,47793760.0,1.6,43157709.0,32.3,2019
울산광역시,동구,47793760.0,1.6,12271147.0,9.2,2019
울산광역시,북구,47793760.0,1.6,22090590.0,16.5,2019
울산광역시,울주군,47793760.0,1.6,29189230.0,21.9,2019
울산광역시,중구,47793760.0,1.6,26810147.0,20.1,2019
인천광역시,강화군,177054619.0,6.0,14958006.0,4.0,2019
인천광역시,계양구,177054619.0,6.0,28668409.0,7.7,2019
인천광역시,남동구,177054619.0,6.0,53820361.0,14.5,2019
인천광역시,동구,177054619.0,6.0,9153291.0,2.5,2019
인천광역시,미추홀구,177054619.0,6.0,48415154.0,13.1,2019
인천광역시,부평구,177054619.0,6.0,53344599.0,14.4,2019
인천광역시,서구,177054619.0,6.0,49594083.0,13.4,2019
인천광역시,연수구,177054619.0,6.0,41423666.0,11.2,2019
인천광역시,옹진군,177054619.0,6.0,5125774.0,1.4,2019
인천광역시,중구,177054619.0,6.0,66481303.0,17.9,2019
전라남도,강진군,117585839.0,4.0,5392807.0,2.4,2019
전라남도,고흥군,117585839.0,4.0,5513014.0,2.5,2019
전라남도,곡성군,117585839.0,4.0,5172668.0,2.3,2019
전라남도,광양시,117585839.0,4.0,12304044.0,5.5,2019
전라남도,구례군,117585839.0,4.0,5476114.0,2.5,2019
전라남도,나주시,117585839.0,4.0,14782526.0,6.6,2019
전라남도,담양군,117585839.0,4.0,13458774.0,6.0,2019
전라남도,목포시,117585839.0,4.0,23609856.0,10.6,2019
전라남도,무안군,117585839.0,4.0,13373098.0,6.0,2019
전라남도,보성군,117585839.0,4.0,6576059.0,3.0,2019
전라남도,순천시,117585839.0,4.0,22752034.0,10.2,2019
전라남도,신안군,117585839.0,4.0,5966226.0,2.7,2019
전라남도,여수시,117585839.0,4.0,23939430.0,10.8,2019
전라남도,영광군,117585839.0,4.0,6696200.0,3.0,2019
전라남도,영암군,117585839.0,4.0,9244526.0,4.2,2019
전라남도,완도군,117585839.0,4.0,5537612.0,2.5,2019
전라남도,장성군,117585839.0,4.0,8905323.0,4.0,2019
전라남도,장흥군,117585839.0,4.0,4712208.0,2.1,2019
전라남도,진도군,117585839.0,4.0,4021248.0,1.8,2019
전라남도,함평군,117585839.0,4.0,5786848.0,2.6,2019
전라남도,해남군,117585839.0,4.0,7829297.0,3.5,2019
전라남도,화순군,117585839.0,4.0,11632677.0,5.2,2019
전북특별자치도,고창군,92151059.0,3.1,9600630.0,4.6,2019
전북특별자치도,군산시,92151059.0,3.1,23651268.0,11.4,2019
전북특별자치도,김제시,92151059.0,3.1,10475826.0,5.0,2019
전북특별자치도,남원시,92151059.0,3.1,9638794.0,4.6,2019
전북특별자치도,무주군,92151059.0,3.1,7704168.0,3.7,2019
전북특별자치도,부안군,92151059.0,3.1,9304922.0,4.5,2019
전북특별자치도,순창군,92151059.0,3.1,4196878.0,2.0,2019
전북특별자치도,완주군,92151059.0,3.1,17442786.0,8.4,2019
전북특별자치도,익산시,92151059.0,3.1,22542065.0,10.9,2019
전북특별자치도,임실군,92151059.0,3.1,6440147.0,3.1,2019
전북특별자치도,장수군,92151059.0,3.1,2809331.0,1.4,2019
전북특별자치도,전주시,92151059.0,3.1,67845732.0,32.7,2019
전북특별자치도,정읍시,92151059.0,3.1,11600134.0,5.6,2019
전북특별자치도,진안군,92151059.0,3.1,4300240.0,2.1,2019
제주특별자치도,서귀포시,52895899.0,1.8,39598464.0,43.5,2019
제주특별자치도,제주시,52895899.0,1.8,51420257.0,56.5,2019
충청남도,계룡시,154606564.0,5.2,4756000.0,1.7,2019
충청남도,공주시,154606564.0,5.2,26713526.0,9.4,2019
충청남도,금산군,154606564.0,5.2,10072730.0,3.5,2019
충청남도,논산시,154606564.0,5.2,15101695.0,5.3,2019
충청남도,당진시,154606564.0,5.2,18560668.0,6.5,2019
충청남도,보령시,154606564.0,5.2,15764014.0,5.5,2019
충청남도,부여군,154606564.0,5.2,10653419.0,3.7,2019
충청남도,서산시,154606564.0,5.2,18163078.0,6.4,2019
충청남도,서천군,154606564.0,5.2,9153644.0,3.2,2019
충청남도,아산시,154606564.0,5.2,31481982.0,11.1,2019
충청남도,예산군,154606564.0,5.2,14081540.0,5.0,2019
충청남도,천안시,154606564.0,5.2,78526000.0,27.6,2019
충청남도,청양군,154606564.0,5.2,4618201.0,1.6,2019
충청남도,태안군,154606564.0,5.2,14734304.0,5.2,2019
충청남도,홍성군,154606564.0,5.2,11889272.0,4.2,2019
충청북도,괴산군,105067452.0,3.6,8942430.0,4.2,2019
충청북도,단양군,105067452.0,3.6,8439722.0,4.0,2019
충청북도,보은군,105067452.0,3.6,6281114.0,2.9,2019
충청북도,영동군,105067452.0,3.6,6595368.0,3.1,2019
충청북도,옥천군,105067452.0,3.6,10661175.0,5.0,2019
충청북도,음성군,105067452.0,3.6,15412828.0,7.2,2019
충청북도,제천시,105067452.0,3.6,13675704.0,6.4,2019
충청북도,증평군,105067452.0,3.6,5470927.0,2.6,2019
충청북도,진천군,105067452.0,3.6,11141627.0,5.2,2019
충청북도,청주시,105067452.0,3.6,103176266.0,48.4,2019
충청북도,충주시,105067452.0,3.6,23403538.0,11.0,2019
강원특별자치도,강릉시,131065291.0,5.3,31213630.0,13.4,2020
강원특별자치도,고성군,131065291.0,5.3,11006681.0,4.7,2020
강원특별자치도,동해시,131065291.0,5.3,10287991.0,4.4,2020
강원특별자치도,삼척시,131065291.0,5.3,10716335.0,4.6,2020
강원특별자치도,속초시,131065291.0,5.3,20936853.0,9.0,2020
강원특별자치도,양구군,131065291.0,5.3,2684574.0,1.1,2020
강원특별자치도,양양군,131065291.0,5.3,15226306.0,6.5,2020
강원특별자치도,영월군,131065291.0,5.3,6133085.0,2.6,2020
강원특별자치도,원주시,131065291.0,5.3,27360834.0,11.7,2020
강원특별자치도,인제군,131065291.0,5.3,8692159.0,3.7,2020
강원특별자치도,정선군,131065291.0,5.3,6518141.0,2.8,2020
강원특별자치도,철원군,131065291.0,5.3,5786882.0,2.5,2020
강원특별자치도,춘천시,131065291.0,5.3,26735810.0,11.4,2020
강원특별자치도,태백시,131065291.0,5.3,4821582.0,2.1,2020
강원특별자치도,평창군,131065291.0,5.3,13619837.0,5.8,2020
강원특별자치도,홍천군,131065291.0,5.3,15089722.0,6.5,2020
강원특별자치도,화천군,131065291.0,5.3,4221322.0,1.8,2020
강원특별자치도,횡성군,131065291.0,5.3,12737966.0,5.4,2020
경기도,가평군,548938292.0,22.2,24432415.0,1.6,2020
경기도,고양시,548938292.0,22.2,124158832.0,7.9,2020
경기도,과천시,548938292.0,22.2,15445101.0,1.0,2020
경기도,광명시,548938292.0,22.2,34454700.0,2.2,2020
경기도,광주시,548938292.0,22.2,45546252.0,2.9,2020
경기도,구리시,548938292.0,22.2,42660240.0,2.7,2020
경기도,군포시,548938292.0,22.2,23720333.0,1.5,2020
경기도,김포시,548938292.0,22.2,48238484.0,3.1,2020
경기도,남양주시,548938292.0,22.2,67591898.0,4.3,2020
경기도,동두천시,548938292.0,22.2,8644496.0,0.6,2020
경기도,부천시,548938292.0,22.2,65053107.0,4.2,2020
경기도,성남시,548938292.0,22.2,127897430.0,8.2,2020
경기도,수원시,548938292.0,22.2,148805146.0,9.5,2020
경기도,시흥시,548938292.0,22.2,50713464.0,3.2,2020
경기도,안산시,548938292.0,22.2,70214806.0,4.5,2020
경기도,안성시,548938292.0,22.2,32137217.0,2.1,2020
경기도,안양시,548938292.0,22.2,59769766.0,3.8,2020
경기도,양주시,548938292.0,22.2,29124666.0,1.9,2020
경기도,양평군,548938292.0,22.2,30417184.0,1.9,2020
경기도,여주시,548938292.0,22.2,24544804.0,1.6,2020
경기도,연천군,548938292.0,22.2,8224069.0,0.5,2020
경기도,오산시,548938292.0,22.2,23016822.0,1.5,2020
경기도,용인시,548938292.0,22.2,112626304.0,7.2,2020
경기도,의왕시,548938292.0,22.2,24271632.0,1.6,2020
경기도,의정부시,548938292.0,22.2,38214320.0,2.4,2020
경기도,이천시,548938292.0,22.2,34452344.0,2.2,2020
경기도,파주시,548938292.0,22.2,47838301.0,3.1,2020
경기도,평택시,548938292.0,22.2,39725732.0,2.5,2020
경기도,포천시,548938292.0,22.2,26489428.0,1.7,2020
경기도,하남시,548938292.0,22.2,51326664.0,3.3,2020
경기도,화성시,548938292.0,22.2,86102874.0,5.5,2020
경상남도,거제시,139194072.0,5.6,21653608.0,6.7,2020
경상남도,거창군,139194072.0,5.6,6083402.0,1.9,2020
경상남도,고성군,139194072.0,5.6,8730340.0,2.7,2020
경상남도,김해시,139194072.0,5.6,38236202.0,11.8,2020
경상남도,남해군,139194072.0,5.6,7842758.0,2.4,2020
경상남도,밀양시,139194072.0,5.6,13004534.0,4.0,2020
경상남도,사천시,139194072.0,5.6,14535552.0,4.5,2020
경상남도,산청군,139194072.0,5.6,5867253.0,1.8,2020
경상남도,양산시,139194072.0,5.6,30216392.0,9.3,2020
경상남도,의령군,139194072.0,5.6,3930798.0,1.2,2020
경상남도,진주시,139194072.0,5.6,20883681.0,6.4,2020
경상남도,창녕군,139194072.0,5.6,8540273.0,2.6,2020
경상남도,창원시,139194072.0,5.6,102635844.0,31.6,2020
경상남도,통영시,139194072.0,5.6,15300064.0,4.7,2020
경상남도,하동군,139194072.0,5.6,6663352.0,2.1,2020
경상남도,함안군,139194072.0,5.6,9587616.0,3.0,2020
경상남도,함양군,139194072.0,5.6,4653288.0,1.4,2020
경상남도,합천군,139194072.0,5.6,6470580.0,2.0,2020
경상북도,경산시,152541333.0,6.2,26636446.0,9.6,2020
경상북도,경주시,152541333.0,6.2,35924298.0,13.0,2020
경상북도,고령군,152541333.0,6.2,5499742.0,2.0,2020
경상북도,구미시,152541333.0,6.2,23135102.0,8.3,2020
경상북도,김천시,152541333.0,6.2,11054774.0,4.0,2020
경상북도,문경시,152541333.0,6.2,9717316.0,3.5,2020
경상북도,봉화군,152541333.0,6.2,3895594.0,1.4,2020
경상북도,상주시,152541333.0,6.2,11183200.0,4.0,2020
경상북도,성주군,152541333.0,6.2,6802425.0,2.5,2020
경상북도,안동시,152541333.0,6.2,15894109.0,5.7,2020
경상북도,영덕군,152541333.0,6.2,8976762.0,3.2,2020
경상북도,영양군,152541333.0,6.2,1612394.0,0.6,2020
경상북도,영주시,152541333.0,6.2,7720580.0,2.8,2020
경상북도,영천시,152541333.0,6.2,11106910.0,4.0,2020
경상북도,예천군,152541333.0,6.2,5917751.0,2.1,2020
경상북도,울릉군,152541333.0,6.2,1149484.0,0.4,2020
경상북도,울진군,152541333.0,6.2,6794655.0,2.5,2020
경상북도,의성군,152541333.0,6.2,6536684.0,2.4,2020
경상북도,청도군,152541333.0,6.2,8451978.0,3.0,2020
경상북도,청송군,152541333.0,6.2,4595423.0,1.7,2020
경상북도,칠곡군,152541333.0,6.2,17135394.0,6.2,2020
경상북도,포항시,152541333.0,6.2,47456048.0,17.1,2020
광주광역시,광산구,56610108.0,2.3,36797686.0,23.0,2020
광주광역시,남구,56610108.0,2.3,18417863.0,11.5,2020
광주광역시,동구,56610108.0,2.3,26805504.0,16.7,2020
광주광역시,북구,56610108.0,2.3,38591320.0,24.1,2020
광주광역시,서구,56610108.0,2.3,39483732.0,24.7,2020
대구광역시,군위군,86201112.0,3.5,6546228.0,2.1,2020
대구광역시,남구,86201112.0,3.5,24790042.0,8.0,2020
대구광역시,달서구,86201112.0,3.5,48267709.0,15.6,2020
대구광역시,달성군,86201112.0,3.5,27266446.0,8.8,2020
대구광역시,동구,86201112.0,3.5,46166768.0,14.9,2020
대구광역시,북구,86201112.0,3.5,41958206.0,13.5,2020
대구광역시,서구,86201112.0,3.5,18946704.0,6.1,2020
대구광역시,수성구,86201112.0,3.5,42542098.0,13.7,2020
대구광역시,중구,86201112.0,3.5,53600782.0,17.3,2020
대전광역시,대덕구,69473159.0,2.8,22952685.0,12.2,2020
대전광역시,동구,69473159.0,2.8,30108547.0,16.0,2020
대전광역시,서구,69473159.0,2.8,50967612.0,27.0,2020
대전광역시,유성구,69473159.0,2.8,48020514.0,25.5,2020
대전광역시,중구,69473159.0,2.8,36520729.0,19.4,2020
부산광역시,강서구,124725884.0,5.1,29410304.0,6.1,2020
부산광역시,금정구,124725884.0,5.1,25400112.0,5.2,2020
부산광역시,기장군,124725884.0,5.1,37436508.0,7.7,2020
부산광역시,남구,124725884.0,5.1,27017462.0,5.6,2020
부산광역시,동구,124725884.0,5.1,24372744.0,5.0,2020
부산광역시,동래구,124725884.0,5.1,31873429.0,6.6,2020
부산광역시,부산진구,124725884.0,5.1,61365871.0,12.6,2020
부산광역시,북구,124725884.0,5.1,22552806.0,4.6,2020
부산광역시,사상구,124725884.0,5.1,24752357.0,5.1,2020
부산광역시,사하구,124725884.0,5.1,21909594.0,4.5,2020
부산광역시,서구,124725884.0,5.1,19346632.0,4.0,2020
부산광역시,수영구,124725884.0,5.1,31844323.0,6.6,2020
부산광역시,연제구,124725884.0,5.1,24038924.0,5.0,2020
부산광역시,영도구,124725884.0,5.1,14597278.0,3.0,2020
부산광역시,중구,124725884.0,5.1,32963074.0,6.8,2020
부산광역시,해운대구,124725884.0,5.1,56618177.0,11.7,2020
서울특별시,강남구,483312564.0,19.6,182961062.0,11.1,2020
서울특별시,강동구,483312564.0,19.6,48515684.0,2.9,2020
서울특별시,강북구,483312564.0,19.6,28927448.0,1.8,2020
서울특별시,강서구,483312564.0,19.6,60056388.0,3.6,2020
서울특별시,관악구,483312564.0,19.6,47171064.0,2.9,2020
서울특별시,광진구,483312564.0,19.6,60037792.0,3.6,2020
서울특별시,구로구,483312564.0,19.6,52266000.0,3.2,2020
서울특별시,금천구,483312564.0,19.6,25282204.0,1.5,2020
서울특별시,노원구,483312564.0,19.6,49860052.0,3.0,2020
서울특별시,도봉구,483312564.0,19.6,27829403.0,1.7,2020
서울특별시,동대문구,483312564.0,19.6,46799344.0,2.8,2020
서울특별시,동작구,483312564.0,19.6,47944414.0,2.9,2020
서울특별시,마포구,483312564.0,19.6,95723610.0,5.8,2020
서울특별시,서대문구,483312564.0,19.6,67529168.0,4.1,2020
서울특별시,서초구,483312564.0,19.6,136644742.0,8.3,2020
서울특별시,성동구,483312564.0,19.6,49685251.0,3.0,2020
서울특별시,성북구,483312564.0,19.6,43680430.0,2.7,2020
서울특별시,송파구,483312564.0,19.6,97293032.0,5.9,2020
서울특별시,양천구,483312564.0,19.6,37550516.0,2.3,2020
서울특별시,영등포구,483312564.0,19.6,87317223.0,5.3,2020
서울특별시,용산구,483312564.0,19.6,79804358.0,4.8,2020
서울특별시,은평구,483312564.0,19.6,34115232.0,2.1,2020
서울특별시,종로구,483312564.0,19.6,103937554.0,6.3,2020
서울특별시,중구,483312564.0,19.6,103105852.0,6.3,2020
서울특별시,중랑구,483312564.0,19.6,33006124.0,2.0,2020
세종특별자치시,세종특별자치시,23921040.0,1.0,25989306.0,100.0,2020
울산광역시,남구,43244282.0,1.8,37691916.0,30.7,2020
울산광역시,동구,43244282.0,1.8,11490700.0,9.4,2020
울산광역시,북구,43244282.0,1.8,21067826.0,17.2,2020
울산광역시,울주군,43244282.0,1.8,28910665.0,23.5,2020
울산광역시,중구,43244282.0,1.8,23653752.0,19.3,2020
인천광역시,강화군,135966530.0,5.5,15109510.0,4.8,2020
인천광역시,계양구,135966530.0,5.5,25609608.0,8.2,2020
인천광역시,남동구,135966530.0,5.5,48796328.0,15.6,2020
인천광역시,동구,135966530.0,5.5,8231870.0,2.6,2020
인천광역시,미추홀구,135966530.0,5.5,39734464.0,12.7,2020
인천광역시,부평구,135966530.0,5.5,44610786.0,14.2,2020
인천광역시,서구,135966530.0,5.5,45189462.0,14.4,2020
인천광역시,연수구,135966530.0,5.5,36012088.0,11.5,2020
인천광역시,옹진군,135966530.0,5.5,5734764.0,1.8,2020
인천광역시,중구,135966530.0,5.5,44413110.0,14.2,2020
전라남도,강진군,110317383.0,4.5,4809154.0,2.3,2020
전라남도,고흥군,110317383.0,4.5,5889035.0,2.8,2020
전라남도,곡성군,110317383.0,4.5,4542943.0,2.2,2020
전라남도,광양시,110317383.0,4.5,11375015.0,5.4,2020
전라남도,구례군,110317383.0,4.5,4495391.0,2.1,2020
전라남도,나주시,110317383.0,4.5,14194281.0,6.8,2020
전라남도,담양군,110317383.0,4.5,12983658.0,6.2,2020
전라남도,목포시,110317383.0,4.5,21274212.0,10.1,2020
전라남도,무안군,110317383.0,4.5,12297747.0,5.9,2020
전라남도,보성군,110317383.0,4.5,6007506.0,2.9,2020
전라남도,순천시,110317383.0,4.5,20815408.0,9.9,2020
전라남도,신안군,110317383.0,4.5,5680101.0,2.7,2020
전라남도,여수시,110317383.0,4.5,23361398.0,11.1,2020
전라남도,영광군,110317383.0,4.5,6785768.0,3.2,2020
전라남도,영암군,110317383.0,4.5,8985748.0,4.3,2020
전라남도,완도군,110317383.0,4.5,5214910.0,2.5,2020
전라남도,장성군,110317383.0,4.5,8588144.0,4.1,2020
전라남도,장흥군,110317383.0,4.5,4404072.0,2.1,2020
전라남도,진도군,110317383.0,4.5,4170314.0,2.0,2020
전라남도,함평군,110317383.0,4.5,5362324.0,2.6,2020
전라남도,해남군,110317383.0,4.5,7473544.0,3.6,2020
전라남도,화순군,110317383.0,4.5,10926635.0,5.2,2020
전북특별자치도,고창군,83792698.0,3.4,8748848.0,4.6,2020
전북특별자치도,군산시,83792698.0,3.4,21534697.0,11.4,2020
전북특별자치도,김제시,83792698.0,3.4,10590049.0,5.6,2020
전북특별자치도,남원시,83792698.0,3.4,8528045.0,4.5,2020
전북특별자치도,무주군,83792698.0,3.4,6353797.0,3.4,2020
전북특별자치도,부안군,83792698.0,3.4,8830538.0,4.7,2020
전북특별자치도,순창군,83792698.0,3.4,4040564.0,2.1,2020
전북특별자치도,완주군,83792698.0,3.4,16291496.0,8.6,2020
전북특별자치도,익산시,83792698.0,3.4,20682953.0,10.9,2020
전북특별자치도,임실군,83792698.0,3.4,6412108.0,3.4,2020
전북특별자치도,장수군,83792698.0,3.4,2646563.0,1.4,2020
전북특별자치도,전주시,83792698.0,3.4,60280042.0,31.8,2020
전북특별자치도,정읍시,83792698.0,3.4,10135432.0,5.4,2020
전북특별자치도,진안군,83792698.0,3.4,4201730.0,2.2,2020
제주특별자치도,서귀포시,46183160.0,1.9,33145966.0,42.7,2020
제주특별자치도,제주시,46183160.0,1.9,44482275.0,57.3,2020
충청남도,계룡시,138428948.0,5.6,4559048.0,1.8,2020
충청남도,공주시,138428948.0,5.6,22781356.0,8.8,2020
충청남도,금산군,138428948.0,5.6,9043052.0,3.5,2020
충청남도,논산시,138428948.0,5.6,14007360.0,5.4,2020
충청남도,당진시,138428948.0,5.6,18878356.0,7.3,2020
충청남도,보령시,138428948.0,5.6,15026560.0,5.8,2020
충청남도,부여군,138428948.0,5.6,9705818.0,3.8,2020
충청남도,서산시,138428948.0,5.6,17158544.0,6.6,2020
충청남도,서천군,138428948.0,5.6,8942696.0,3.5,2020
충청남도,아산시,138428948.0,5.6,29130206.0,11.3,2020
충청남도,예산군,138428948.0,5.6,12583826.0,4.9,2020
충청남도,천안시,138428948.0,5.6,65836911.0,25.5,2020
충청남도,청양군,138428948.0,5.6,4171013.0,1.6,2020
충청남도,태안군,138428948.0,5.6,15421746.0,6.0,2020
충청남도,홍성군,138428948.0,5.6,11010562.0,4.3,2020
충청북도,괴산군,93383798.0,3.8,8539139.0,4.4,2020
충청북도,단양군,93383798.0,3.8,6762441.0,3.5,2020
충청북도,보은군,93383798.0,3.8,5487430.0,2.8,2020
충청북도,영동군,93383798.0,3.8,5873864.0,3.0,2020
충청북도,옥천군,93383798.0,3.8,9489053.0,4.9,2020
충청북도,음성군,93383798.0,3.8,14713720.0,7.6,2020
충청북도,제천시,93383798.0,3.8,11825415.0,6.1,2020
충청북도,증평군,93383798.0,3.8,5360142.0,2.8,2020
충청북도,진천군,93383798.0,3.8,11030649.0,5.7,2020
충청북도,청주시,93383798.0,3.8,94418292.0,48.7,2020
충청북도,충주시,93383798.0,3.8,20532306.0,10.6,2020
강원특별자치도,강릉시,130221676.0,5.2,30439048.0,13.1,2021
강원특별자치도,고성군,130221676.0,5.2,11557396.0,5.0,2021
강원특별자치도,동해시,130221676.0,5.2,9914132.0,4.3,2021
강원특별자치도,삼척시,130221676.0,5.2,10418016.0,4.5,2021
강원특별자치도,속초시,130221676.0,5.2,21206608.0,9.1,2021
강원특별자치도,양구군,130221676.0,5.2,2804386.0,1.2,2021
강원특별자치도,양양군,130221676.0,5.2,14366618.0,6.2,2021
강원특별자치도,영월군,130221676.0,5.2,6611294.0,2.8,2021
강원특별자치도,원주시,130221676.0,5.2,27171554.0,11.7,2021
강원특별자치도,인제군,130221676.0,5.2,8615999.0,3.7,2021
강원특별자치도,정선군,130221676.0,5.2,6932818.0,3.0,2021
강원특별자치도,철원군,130221676.0,5.2,5992410.0,2.6,2021
강원특별자치도,춘천시,130221676.0,5.2,26850050.0,11.6,2021
강원특별자치도,태백시,130221676.0,5.2,4479724.0,1.9,2021
강원특별자치도,평창군,130221676.0,5.2,15246850.0,6.6,2021
강원특별자치도,홍천군,130221676.0,5.2,14878132.0,6.4,2021
강원특별자치도,화천군,130221676.0,5.2,4188810.0,1.8,2021
강원특별자치도,횡성군,130221676.0,5.2,10303069.0,4.4,2021
경기도,가평군,550778084.0,22.0,25675041.0,1.6,2021
경기도,고양시,550778084.0,22.0,126250530.0,7.8,2021
경기도,과천시,550778084.0,22.0,17460534.0,1.1,2021
경기도,광명시,550778084.0,22.0,35771718.0,2.2,2021
경기도,광주시,550778084.0,22.0,46799148.0,2.9,2021
경기도,구리시,550778084.0,22.0,44499892.0,2.8,2021
경기도,군포시,550778084.0,22.0,23388900.0,1.5,2021
경기도,김포시,550778084.0,22.0,49863989.0,3.1,2021
경기도,남양주시,550778084.0,22.0,69176723.0,4.3,2021
경기도,동두천시,550778084.0,22.0,8661191.0,0.5,2021
경기도,부천시,550778084.0,22.0,64357422.0,4.0,2021
경기도,성남시,550778084.0,22.0,128506570.0,8.0,2021
경기도,수원시,550778084.0,22.0,152560366.0,9.5,2021
경기도,시흥시,550778084.0,22.0,52060984.0,3.2,2021
경기도,안산시,550778084.0,22.0,68769214.0,4.3,2021
경기도,안성시,550778084.0,22.0,34713000.0,2.2,2021
경기도,안양시,550778084.0,22.0,57986999.0,3.6,2021
경기도,양주시,550778084.0,22.0,30473342.0,1.9,2021
경기도,양평군,550778084.0,22.0,31775135.0,2.0,2021
경기도,여주시,550778084.0,22.0,24591144.0,1.5,2021
경기도,연천군,550778084.0,22.0,8699565.0,0.5,2021
경기도,오산시,550778084.0,22.0,23966170.0,1.5,2021
경기도,용인시,550778084.0,22.0,117831668.0,7.3,2021
경기도,의왕시,550778084.0,22.0,25908606.0,1.6,2021
경기도,의정부시,550778084.0,22.0,38983164.0,2.4,2021
경기도,이천시,550778084.0,22.0,37118246.0,2.3,2021
경기도,파주시,550778084.0,22.0,50944372.0,3.2,2021
경기도,평택시,550778084.0,22.0,41715107.0,2.6,2021
경기도,포천시,550778084.0,22.0,28450296.0,1.8,2021
경기도,하남시,550778084.0,22.0,54468354.0,3.4,2021
경기도,화성시,550778084.0,22.0,90607674.0,5.6,2021
경상남도,거제시,140211858.0,5.6,21481775.0,6.5,2021
경상남도,거창군,140211858.0,5.6,6510648.0,2.0,2021
경상남도,고성군,140211858.0,5.6,8910734.0,2.7,2021
경상남도,김해시,140211858.0,5.6,38782096.0,11.7,2021
경상남도,남해군,140211858.0,5.6,8077366.0,2.4,2021
경상남도,밀양시,140211858.0,5.6,14204606.0,4.3,2021
경상남도,사천시,140211858.0,5.6,14590440.0,4.4,2021
경상남도,산청군,140211858.0,5.6,6165464.0,1.9,2021
경상남도,양산시,140211858.0,5.6,31281656.0,9.5,2021
경상남도,의령군,140211858.0,5.6,4051152.0,1.2,2021
경상남도,진주시,140211858.0,5.6,20448816.0,6.2,2021
경상남도,창녕군,140211858.0,5.6,9019986.0,2.7,2021
경상남도,창원시,140211858.0,5.6,103245390.0,31.2,2021
경상남도,통영시,140211858.0,5.6,15221290.0,4.6,2021
경상남도,하동군,140211858.0,5.6,7034128.0,2.1,2021
경상남도,함안군,140211858.0,5.6,10021700.0,3.0,2021
경상남도,함양군,140211858.0,5.6,5011472.0,1.5,2021
경상남도,합천군,140211858.0,5.6,6798610.0,2.1,2021
경상북도,경산시,161251041.0,6.4,28463998.0,9.7,2021
경상북도,경주시,161251041.0,6.4,39514853.0,13.5,2021
경상북도,고령군,161251041.0,6.4,5947232.0,2.0,2021
경상북도,구미시,161251041.0,6.4,23329495.0,8.0,2021
경상북도,김천시,161251041.0,6.4,11520646.0,3.9,2021
경상북도,문경시,161251041.0,6.4,9682043.0,3.3,2021
경상북도,봉화군,161251041.0,6.4,4177862.0,1.4,2021
경상북도,상주시,161251041.0,6.4,11742521.0,4.0,2021
경상북도,성주군,161251041.0,6.4,7086734.0,2.4,2021
경상북도,안동시,161251041.0,6.4,16768266.0,5.7,2021
경상북도,영덕군,161251041.0,6.4,9544528.0,3.3,2021
경상북도,영양군,161251041.0,6.4,1711731.0,0.6,2021
경상북도,영주시,161251041.0,6.4,8101432.0,2.8,2021
경상북도,영천시,161251041.0,6.4,11599900.0,4.0,2021
경상북도,예천군,161251041.0,6.4,6470418.0,2.2,2021
경상북도,울릉군,161251041.0,6.4,1421388.0,0.5,2021
경상북도,울진군,161251041.0,6.4,6998764.0,2.4,2021
경상북도,의성군,161251041.0,6.4,6869790.0,2.4,2021
경상북도,청도군,161251041.0,6.4,9837142.0,3.4,2021
경상북도,청송군,161251041.0,6.4,4840318.0,1.7,2021
경상북도,칠곡군,161251041.0,6.4,17613631.0,6.0,2021
경상북도,포항시,161251041.0,6.4,48867336.0,16.7,2021
광주광역시,광산구,56231056.0,2.2,40303263.0,22.3,2021
광주광역시,남구,56231056.0,2.2,20335304.0,11.3,2021
광주광역시,동구,56231056.0,2.2,31778996.0,17.6,2021
광주광역시,북구,56231056.0,2.2,42935288.0,23.8,2021
광주광역시,서구,56231056.0,2.2,45201681.0,25.0,2021
대구광역시,군위군,87651389.0,3.5,6776224.0,2.1,2021
대구광역시,남구,87651389.0,3.5,25638452.0,8.1,2021
대구광역시,달서구,87651389.0,3.5,47658006.0,15.0,2021
대구광역시,달성군,87651389.0,3.5,28304171.0,8.9,2021
대구광역시,동구,87651389.0,3.5,49519950.0,15.6,2021
대구광역시,북구,87651389.0,3.5,42451448.0,13.4,2021
대구광역시,서구,87651389.0,3.5,18527428.0,5.8,2021
대구광역시,수성구,87651389.0,3.5,43032504.0,13.6,2021
대구광역시,중구,87651389.0,3.5,55329575.0,17.4,2021
대전광역시,대덕구,69111136.0,2.8,23887860.0,12.5,2021
대전광역시,동구,69111136.0,2.8,30505839.0,16.0,2021
대전광역시,서구,69111136.0,2.8,51109628.0,26.8,2021
대전광역시,유성구,69111136.0,2.8,48667686.0,25.6,2021
대전광역시,중구,69111136.0,2.8,36240096.0,19.0,2021
부산광역시,강서구,123660862.0,4.9,32449991.0,6.6,2021
부산광역시,금정구,123660862.0,4.9,25877372.0,5.2,2021
부산광역시,기장군,123660862.0,4.9,37769613.0,7.6,2021
부산광역시,남구,123660862.0,4.9,26577478.0,5.4,2021
부산광역시,동구,123660862.0,4.9,24920126.0,5.0,2021
부산광역시,동래구,123660862.0,4.9,30326810.0,6.1,2021
부산광역시,부산진구,123660862.0,4.9,60791451.0,12.3,2021
부산광역시,북구,123660862.0,4.9,22362182.0,4.5,2021
부산광역시,사상구,123660862.0,4.9,24341454.0,4.9,2021
부산광역시,사하구,123660862.0,4.9,21772576.0,4.4,2021
부산광역시,서구,123660862.0,4.9,19449622.0,3.9,2021
부산광역시,수영구,123660862.0,4.9,32291270.0,6.5,2021
부산광역시,연제구,123660862.0,4.9,24346392.0,4.9,2021
부산광역시,영도구,123660862.0,4.9,16394802.0,3.3,2021
부산광역시,중구,123660862.0,4.9,33966020.0,6.9,2021
부산광역시,해운대구,123660862.0,4.9,60211344.0,12.2,2021
서울특별시,강남구,485882474.0,19.4,190964106.0,11.3,2021
서울특별시,강동구,485882474.0,19.4,47430663.0,2.8,2021
서울특별시,강북구,485882474.0,19.4,27820692.0,1.6,2021
서울특별시,강서구,485882474.0,19.4,69242898.0,4.1,2021
서울특별시,관악구,485882474.0,19.4,50662010.0,3.0,2021
서울특별시,광진구,485882474.0,19.4,58782080.0,3.5,2021
서울특별시,구로구,485882474.0,19.4,53841932.0,3.2,2021
서울특별시,금천구,485882474.0,19.4,26626884.0,1.6,2021
서울특별시,노원구,485882474.0,19.4,51216522.0,3.0,2021
서울특별시,도봉구,485882474.0,19.4,27461399.0,1.6,2021
서울특별시,동대문구,485882474.0,19.4,46862700.0,2.8,2021
서울특별시,동작구,485882474.0,19.4,47592356.0,2.8,2021
서울특별시,마포구,485882474.0,19.4,95604344.0,5.7,2021
서울특별시,서대문구,485882474.0,19.4,67080314.0,4.0,2021
서울특별시,서초구,485882474.0,19.4,137674110.0,8.2,2021
서울특별시,성동구,485882474.0,19.4,51296546.0,3.0,2021
서울특별시,성북구,485882474.0,19.4,43389840.0,2.6,2021
서울특별시,송파구,485882474.0,19.4,101119599.0,6.0,2021
서울특별시,양천구,485882474.0,19.4,37560705.0,2.2,2021
서울특별시,영등포구,485882474.0,19.4,94545342.0,5.6,2021
서울특별시,용산구,485882474.0,19.4,79959243.0,4.7,2021
서울특별시,은평구,485882474.0,19.4,33659616.0,2.0,2021
서울특별시,종로구,485882474.0,19.4,107097022.0,6.3,2021
서울특별시,중구,485882474.0,19.4,108760337.0,6.4,2021
서울특별시,중랑구,485882474.0,19.4,32676668.0,1.9,2021
세종특별자치시,세종특별자치시,25390470.0,1.0,28514790.0,100.0,2021
울산광역시,남구,42680078.0,1.7,38066906.0,30.7,2021
울산광역시,동구,42680078.0,1.7,12008734.0,9.7,2021
울산광역시,북구,42680078.0,1.7,20508684.0,16.6,2021
울산광역시,울주군,42680078.0,1.7,29605216.0,23.9,2021
울산광역시,중구,42680078.0,1.7,23676184.0,19.1,2021
인천광역시,강화군,135519552.0,5.4,15791272.0,5.0,2021
인천광역시,계양구,135519552.0,5.4,26054203.0,8.3,2021
인천광역시,남동구,135519552.0,5.4,48062735.0,15.3,2021
인천광역시,동구,135519552.0,5.4,8445160.0,2.7,2021
인천광역시,미추홀구,135519552.0,5.4,39504938.0,12.6,2021
인천광역시,부평구,135519552.0,5.4,43624952.0,13.9,2021
인천광역시,서구,135519552.0,5.4,44490040.0,14.2,2021
인천광역시,연수구,135519552.0,5.4,39031685.0,12.5,2021
인천광역시,옹진군,135519552.0,5.4,5516472.0,1.8,2021
인천광역시,중구,135519552.0,5.4,42939816.0,13.7,2021
전라남도,강진군,114436973.0,4.6,5099213.0,2.2,2021
전라남도,고흥군,114436973.0,4.6,6390626.0,2.8,2021
전라남도,곡성군,114436973.0,4.6,5136159.0,2.3,2021
전라남도,광양시,114436973.0,4.6,12139018.0,5.3,2021
전라남도,구례군,114436973.0,4.6,5275848.0,2.3,2021
전라남도,나주시,114436973.0,4.6,15644622.0,6.9,2021
전라남도,담양군,114436973.0,4.6,14833368.0,6.5,2021
전라남도,목포시,114436973.0,4.6,22601940.0,9.9,2021
전라남도,무안군,114436973.0,4.6,13555031.0,6.0,2021
전라남도,보성군,114436973.0,4.6,6381560.0,2.8,2021
전라남도,순천시,114436973.0,4.6,22453095.0,9.9,2021
전라남도,신안군,114436973.0,4.6,6524318.0,2.9,2021
전라남도,여수시,114436973.0,4.6,24306282.0,10.7,2021
전라남도,영광군,114436973.0,4.6,7109368.0,3.1,2021
전라남도,영암군,114436973.0,4.6,9770397.0,4.3,2021
전라남도,완도군,114436973.0,4.6,5433396.0,2.4,2021
전라남도,장성군,114436973.0,4.6,9715909.0,4.3,2021
전라남도,장흥군,114436973.0,4.6,4685838.0,2.1,2021
전라남도,진도군,114436973.0,4.6,4400865.0,1.9,2021
전라남도,함평군,114436973.0,4.6,5938244.0,2.6,2021
전라남도,해남군,114436973.0,4.6,8059597.0,3.5,2021
전라남도,화순군,114436973.0,4.6,11752678.0,5.2,2021
전북특별자치도,고창군,83144446.0,3.3,9529978.0,4.8,2021
전북특별자치도,군산시,83144446.0,3.3,22403854.0,11.2,2021
전북특별자치도,김제시,83144446.0,3.3,11594272.0,5.8,2021
전북특별자치도,남원시,83144446.0,3.3,9066844.0,4.5,2021
전북특별자치도,무주군,83144446.0,3.3,6618734.0,3.3,2021
전북특별자치도,부안군,83144446.0,3.3,9431628.0,4.7,2021
전북특별자치도,순창군,83144446.0,3.3,4421498.0,2.2,2021
전북특별자치도,완주군,83144446.0,3.3,18135372.0,9.0,2021
전북특별자치도,익산시,83144446.0,3.3,21168035.0,10.6,2021
전북특별자치도,임실군,83144446.0,3.3,7329430.0,3.7,2021
전북특별자치도,장수군,83144446.0,3.3,2749824.0,1.4,2021
전북특별자치도,전주시,83144446.0,3.3,63140774.0,31.5,2021
전북특별자치도,정읍시,83144446.0,3.3,10483697.0,5.2,2021
전북특별자치도,진안군,83144446.0,3.3,4480966.0,2.2,2021
제주특별자치도,서귀포시,59284068.0,2.4,44353883.0,43.9,2021
제주특별자치도,제주시,59284068.0,2.4,56725806.0,56.1,2021
충청남도,계룡시,142540388.0,5.7,4659302.0,1.7,2021
충청남도,공주시,142540388.0,5.7,24026292.0,8.9,2021
충청남도,금산군,142540388.0,5.7,9256268.0,3.4,2021
충청남도,논산시,142540388.0,5.7,14692181.0,5.4,2021
충청남도,당진시,142540388.0,5.7,19619268.0,7.2,2021
충청남도,보령시,142540388.0,5.7,15815992.0,5.8,2021
충청남도,부여군,142540388.0,5.7,10183712.0,3.8,2021
충청남도,서산시,142540388.0,5.7,17729996.0,6.5,2021
충청남도,서천군,142540388.0,5.7,9067366.0,3.3,2021
충청남도,아산시,142540388.0,5.7,30910642.0,11.4,2021
충청남도,예산군,142540388.0,5.7,13675403.0,5.1,2021
충청남도,천안시,142540388.0,5.7,68789700.0,25.4,2021
충청남도,청양군,142540388.0,5.7,4360615.0,1.6,2021
충청남도,태안군,142540388.0,5.7,16443560.0,6.1,2021
충청남도,홍성군,142540388.0,5.7,11541576.0,4.3,2021
충청북도,괴산군,96151230.0,3.8,9213708.0,4.5,2021
충청북도,단양군,96151230.0,3.8,7267372.0,3.6,2021
충청북도,보은군,96151230.0,3.8,5620916.0,2.8,2021
충청북도,영동군,96151230.0,3.8,5877550.0,2.9,2021
충청북도,옥천군,96151230.0,3.8,9778906.0,4.8,2021
충청북도,음성군,96151230.0,3.8,15154209.0,7.4,2021
충청북도,제천시,96151230.0,3.8,12740413.0,6.3,2021
충청북도,증평군,96151230.0,3.8,5545914.0,2.7,2021
충청북도,진천군,96151230.0,3.8,12106122.0,6.0,2021
충청북도,청주시,96151230.0,3.8,98421782.0,48.4,2021
충청북도,충주시,96151230.0,3.8,21714721.0,10.7,2021
강원특별자치도,강릉시,153264262.0,5.5,35738924.0,13.2,2022
강원특별자치도,고성군,153264262.0,5.5,13087123.0,4.8,2022
강원특별자치도,동해시,153264262.0,5.5,11991497.0,4.4,2022
강원특별자치도,삼척시,153264262.0,5.5,11743865.0,4.3,2022
강원특별자치도,속초시,153264262.0,5.5,25029277.0,9.3,2022
강원특별자치도,양구군,153264262.0,5.5,2856844.0,1.1,2022
강원특별자치도,양양군,153264262.0,5.5,16817423.0,6.2,2022
강원특별자치도,영월군,153264262.0,5.5,6950468.0,2.6,2022
강원특별자치도,원주시,153264262.0,5.5,31587332.0,11.7,2022
강원특별자치도,인제군,153264262.0,5.5,9276813.0,3.4,2022
강원특별자치도,정선군,153264262.0,5.5,8999826.0,3.3,2022
강원특별자치도,철원군,153264262.0,5.5,7145516.0,2.6,2022
강원특별자치도,춘천시,153264262.0,5.5,32374272.0,12.0,2022
강원특별자치도,태백시,153264262.0,5.5,5306826.0,2.0,2022
강원특별자치도,평창군,153264262.0,5.5,17018110.0,6.3,2022
강원특별자치도,홍천군,153264262.0,5.5,17450324.0,6.5,2022
강원특별자치도,화천군,153264262.0,5.5,4250925.0,1.6,2022
강원특별자치도,횡성군,153264262.0,5.5,12894749.0,4.8,2022
경기도,가평군,602401426.0,21.5,29013778.0,1.7,2022
경기도,고양시,602401426.0,21.5,134036105.0,7.8,2022
경기도,과천시,602401426.0,21.5,20177346.0,1.2,2022
경기도,광명시,602401426.0,21.5,40036734.0,2.3,2022
경기도,광주시,602401426.0,21.5,47000898.0,2.7,2022
경기도,구리시,602401426.0,21.5,44786662.0,2.6,2022
경기도,군포시,602401426.0,21.5,25552342.0,1.5,2022
경기도,김포시,602401426.0,21.5,50923758.0,3.0,2022
경기도,남양주시,602401426.0,21.5,72639938.0,4.2,2022
경기도,동두천시,602401426.0,21.5,9451393.0,0.5,2022
경기도,부천시,602401426.0,21.5,69934991.0,4.1,2022
경기도,성남시,602401426.0,21.5,137943533.0,8.0,2022
경기도,수원시,602401426.0,21.5,166874362.0,9.7,2022
경기도,시흥시,602401426.0,21.5,53036840.0,3.1,2022
경기도,안산시,602401426.0,21.5,71387418.0,4.1,2022
경기도,안성시,602401426.0,21.5,37112180.0,2.2,2022
경기도,안양시,602401426.0,21.5,62729884.0,3.6,2022
경기도,양주시,602401426.0,21.5,33124970.0,1.9,2022
경기도,양평군,602401426.0,21.5,33001521.0,1.9,2022
경기도,여주시,602401426.0,21.5,26133866.0,1.5,2022
경기도,연천군,602401426.0,21.5,9014352.0,0.5,2022
경기도,오산시,602401426.0,21.5,28633798.0,1.7,2022
경기도,용인시,602401426.0,21.5,126756396.0,7.3,2022
경기도,의왕시,602401426.0,21.5,28591924.0,1.7,2022
경기도,의정부시,602401426.0,21.5,41547597.0,2.4,2022
경기도,이천시,602401426.0,21.5,40014681.0,2.3,2022
경기도,파주시,602401426.0,21.5,54218700.0,3.1,2022
경기도,평택시,602401426.0,21.5,46978092.0,2.7,2022
경기도,포천시,602401426.0,21.5,30215612.0,1.8,2022
경기도,하남시,602401426.0,21.5,56629573.0,3.3,2022
경기도,화성시,602401426.0,21.5,97596646.0,5.7,2022
경상남도,거제시,149980943.0,5.4,23112464.0,6.5,2022
경상남도,거창군,149980943.0,5.4,7225589.0,2.0,2022
경상남도,고성군,149980943.0,5.4,9274412.0,2.6,2022
경상남도,김해시,149980943.0,5.4,43069344.0,12.2,2022
경상남도,남해군,149980943.0,5.4,8727859.0,2.5,2022
경상남도,밀양시,149980943.0,5.4,15074185.0,4.3,2022
경상남도,사천시,149980943.0,5.4,15961876.0,4.5,2022
경상남도,산청군,149980943.0,5.4,6966148.0,2.0,2022
경상남도,양산시,149980943.0,5.4,33085910.0,9.4,2022
경상남도,의령군,149980943.0,5.4,4224196.0,1.2,2022
경상남도,진주시,149980943.0,5.4,22405628.0,6.3,2022
경상남도,창녕군,149980943.0,5.4,9477248.0,2.7,2022
경상남도,창원시,149980943.0,5.4,107537818.0,30.4,2022
경상남도,통영시,149980943.0,5.4,15945178.0,4.5,2022
경상남도,하동군,149980943.0,5.4,7945378.0,2.2,2022
경상남도,함안군,149980943.0,5.4,10853482.0,3.1,2022
경상남도,함양군,149980943.0,5.4,5458870.0,1.5,2022
경상남도,합천군,149980943.0,5.4,7114698.0,2.0,2022
경상북도,경산시,177343260.0,6.3,30524529.0,9.6,2022
경상북도,경주시,177343260.0,6.3,45085918.0,14.2,2022
경상북도,고령군,177343260.0,6.3,6117394.0,1.9,2022
경상북도,구미시,177343260.0,6.3,25228469.0,7.9,2022
경상북도,김천시,177343260.0,6.3,12562669.0,4.0,2022
경상북도,문경시,177343260.0,6.3,10809022.0,3.4,2022
경상북도,봉화군,177343260.0,6.3,4491865.0,1.4,2022
경상북도,상주시,177343260.0,6.3,12938674.0,4.1,2022
경상북도,성주군,177343260.0,6.3,7236358.0,2.3,2022
경상북도,안동시,177343260.0,6.3,17074925.0,5.4,2022
경상북도,영덕군,177343260.0,6.3,10054583.0,3.2,2022
경상북도,영양군,177343260.0,6.3,1713624.0,0.5,2022
경상북도,영주시,177343260.0,6.3,8824459.0,2.8,2022
경상북도,영천시,177343260.0,6.3,12458068.0,3.9,2022
경상북도,예천군,177343260.0,6.3,6823386.0,2.1,2022
경상북도,울릉군,177343260.0,6.3,1901498.0,0.6,2022
경상북도,울진군,177343260.0,6.3,7979226.0,2.5,2022
경상북도,의성군,177343260.0,6.3,7126214.0,2.2,2022
경상북도,청도군,177343260.0,6.3,10405700.0,3.3,2022
경상북도,청송군,177343260.0,6.3,5108344.0,1.6,2022
경상북도,칠곡군,177343260.0,6.3,20470104.0,6.4,2022
경상북도,포항시,177343260.0,6.3,52692524.0,16.6,2022
광주광역시,광산구,63615948.0,2.3,42851809.0,22.6,2022
광주광역시,남구,63615948.0,2.3,20090108.0,10.6,2022
광주광역시,동구,63615948.0,2.3,33352277.0,17.6,2022
광주광역시,북구,63615948.0,2.3,45610103.0,24.1,2022
광주광역시,서구,63615948.0,2.3,47647999.0,25.1,2022
대구광역시,군위군,98772936.0,3.5,7142751.0,2.1,2022
대구광역시,남구,98772936.0,3.5,26562826.0,7.7,2022
대구광역시,달서구,98772936.0,3.5,52198192.0,15.1,2022
대구광역시,달성군,98772936.0,3.5,29116199.0,8.4,2022
대구광역시,동구,98772936.0,3.5,56189007.0,16.3,2022
대구광역시,북구,98772936.0,3.5,46604635.0,13.5,2022
대구광역시,서구,98772936.0,3.5,19447942.0,5.6,2022
대구광역시,수성구,98772936.0,3.5,47306658.0,13.7,2022
대구광역시,중구,98772936.0,3.5,60064560.0,17.4,2022
대전광역시,대덕구,75608788.0,2.7,24171354.0,11.7,2022
대전광역시,동구,75608788.0,2.7,33015308.0,16.0,2022
대전광역시,서구,75608788.0,2.7,55863364.0,27.0,2022
대전광역시,유성구,75608788.0,2.7,54704524.0,26.5,2022
대전광역시,중구,75608788.0,2.7,38772097.0,18.8,2022
부산광역시,강서구,138010708.0,4.9,37013578.0,6.8,2022
부산광역시,금정구,138010708.0,4.9,28333676.0,5.2,2022
부산광역시,기장군,138010708.0,4.9,41005926.0,7.5,2022
부산광역시,남구,138010708.0,4.9,28351138.0,5.2,2022
부산광역시,동구,138010708.0,4.9,30051172.0,5.5,2022
부산광역시,동래구,138010708.0,4.9,33741586.0,6.2,2022
부산광역시,부산진구,138010708.0,4.9,68965788.0,12.6,2022
부산광역시,북구,138010708.0,4.9,23030920.0,4.2,2022
부산광역시,사상구,138010708.0,4.9,26808778.0,4.9,2022
부산광역시,사하구,138010708.0,4.9,22725566.0,4.2,2022
부산광역시,서구,138010708.0,4.9,20159069.0,3.7,2022
부산광역시,수영구,138010708.0,4.9,36961858.0,6.8,2022
부산광역시,연제구,138010708.0,4.9,27212216.0,5.0,2022
부산광역시,영도구,138010708.0,4.9,18604467.0,3.4,2022
부산광역시,중구,138010708.0,4.9,37722069.0,6.9,2022
부산광역시,해운대구,138010708.0,4.9,66520097.0,12.2,2022
서울특별시,강남구,556130988.0,19.9,213504655.0,11.1,2022
서울특별시,강동구,556130988.0,19.9,49553108.0,2.6,2022
서울특별시,강북구,556130988.0,19.9,31508586.0,1.6,2022
서울특별시,강서구,556130988.0,19.9,76710417.0,4.0,2022
서울특별시,관악구,556130988.0,19.9,57054858.0,3.0,2022
서울특별시,광진구,556130988.0,19.9,66617544.0,3.5,2022
서울특별시,구로구,556130988.0,19.9,58994282.0,3.1,2022
서울특별시,금천구,556130988.0,19.9,29487342.0,1.5,2022
서울특별시,노원구,556130988.0,19.9,56191268.0,2.9,2022
서울특별시,도봉구,556130988.0,19.9,29252730.0,1.5,2022
서울특별시,동대문구,556130988.0,19.9,51671602.0,2.7,2022
서울특별시,동작구,556130988.0,19.9,54011262.0,2.8,2022
서울특별시,마포구,556130988.0,19.9,113307425.0,5.9,2022
서울특별시,서대문구,556130988.0,19.9,78461716.0,4.1,2022
서울특별시,서초구,556130988.0,19.9,152436070.0,7.9,2022
서울특별시,성동구,556130988.0,19.9,58112572.0,3.0,2022
서울특별시,성북구,556130988.0,19.9,48643326.0,2.5,2022
서울특별시,송파구,556130988.0,19.9,117390556.0,6.1,2022
서울특별시,양천구,556130988.0,19.9,38463642.0,2.0,2022
서울특별시,영등포구,556130988.0,19.9,107130513.0,5.6,2022
서울특별시,용산구,556130988.0,19.9,95371132.0,5.0,2022
서울특별시,은평구,556130988.0,19.9,36421308.0,1.9,2022
서울특별시,종로구,556130988.0,19.9,129879656.0,6.8,2022
서울특별시,중구,556130988.0,19.9,133961793.0,7.0,2022
서울특별시,중랑구,556130988.0,19.9,34615784.0,1.8,2022
세종특별자치시,세종특별자치시,26820882.0,1.0,30568363.0,100.0,2022
울산광역시,남구,46681992.0,1.7,42565201.0,31.2,2022
울산광역시,동구,46681992.0,1.7,12985752.0,9.5,2022
울산광역시,북구,46681992.0,1.7,22849141.0,16.8,2022
울산광역시,울주군,46681992.0,1.7,33045250.0,24.3,2022
울산광역시,중구,46681992.0,1.7,24797276.0,18.2,2022
인천광역시,강화군,154843507.0,5.5,16825641.0,4.8,2022
인천광역시,계양구,154843507.0,5.5,27352675.0,7.8,2022
인천광역시,남동구,154843507.0,5.5,51977048.0,14.8,2022
인천광역시,동구,154843507.0,5.5,9978692.0,2.8,2022
인천광역시,미추홀구,154843507.0,5.5,43291955.0,12.3,2022
인천광역시,부평구,154843507.0,5.5,47531452.0,13.5,2022
인천광역시,서구,154843507.0,5.5,50816966.0,14.5,2022
인천광역시,연수구,154843507.0,5.5,44138840.0,12.6,2022
인천광역시,옹진군,154843507.0,5.5,6333800.0,1.8,2022
인천광역시,중구,154843507.0,5.5,52976794.0,15.1,2022
전라남도,강진군,126800233.0,4.5,5643222.0,2.3,2022
전라남도,고흥군,126800233.0,4.5,6835178.0,2.8,2022
전라남도,곡성군,126800233.0,4.5,5564500.0,2.2,2022
전라남도,광양시,126800233.0,4.5,13558184.0,5.5,2022
전라남도,구례군,126800233.0,4.5,5814886.0,2.3,2022
전라남도,나주시,126800233.0,4.5,16318348.0,6.6,2022
전라남도,담양군,126800233.0,4.5,15470602.0,6.2,2022
전라남도,목포시,126800233.0,4.5,25398748.0,10.3,2022
전라남도,무안군,126800233.0,4.5,14954258.0,6.0,2022
전라남도,보성군,126800233.0,4.5,7043032.0,2.8,2022
전라남도,순천시,126800233.0,4.5,25183882.0,10.2,2022
전라남도,신안군,126800233.0,4.5,6916976.0,2.8,2022
전라남도,여수시,126800233.0,4.5,27107832.0,10.9,2022
전라남도,영광군,126800233.0,4.5,7394706.0,3.0,2022
전라남도,영암군,126800233.0,4.5,10405171.0,4.2,2022
전라남도,완도군,126800233.0,4.5,5906562.0,2.4,2022
전라남도,장성군,126800233.0,4.5,10277872.0,4.2,2022
전라남도,장흥군,126800233.0,4.5,5271406.0,2.1,2022
전라남도,진도군,126800233.0,4.5,5006200.0,2.0,2022
전라남도,함평군,126800233.0,4.5,6448204.0,2.6,2022
전라남도,해남군,126800233.0,4.5,8737082.0,3.5,2022
전라남도,화순군,126800233.0,4.5,12340874.0,5.0,2022
전북특별자치도,고창군,94403148.0,3.4,10168834.0,4.6,2022
전북특별자치도,군산시,94403148.0,3.4,24751338.0,11.3,2022
전북특별자치도,김제시,94403148.0,3.4,11876816.0,5.4,2022
전북특별자치도,남원시,94403148.0,3.4,9988842.0,4.6,2022
전북특별자치도,무주군,94403148.0,3.4,7888664.0,3.6,2022
전북특별자치도,부안군,94403148.0,3.4,10210242.0,4.7,2022
전북특별자치도,순창군,94403148.0,3.4,4987230.0,2.3,2022
전북특별자치도,완주군,94403148.0,3.4,20633988.0,9.4,2022
전북특별자치도,익산시,94403148.0,3.4,22566236.0,10.3,2022
전북특별자치도,임실군,94403148.0,3.4,8092476.0,3.7,2022
전북특별자치도,장수군,94403148.0,3.4,2899578.0,1.3,2022
전북특별자치도,전주시,94403148.0,3.4,68572914.0,31.3,2022
전북특별자치도,정읍시,94403148.0,3.4,11415145.0,5.2,2022
전북특별자치도,진안군,94403148.0,3.4,4713912.0,2.2,2022
제주특별자치도,서귀포시,68144188.0,2.4,49652750.0,43.2,2022
제주특별자치도,제주시,68144188.0,2.4,65237924.0,56.8,2022
충청남도,계룡시,157650633.0,5.6,5446164.0,1.8,2022
충청남도,공주시,157650633.0,5.6,27082615.0,9.0,2022
충청남도,금산군,157650633.0,5.6,10397737.0,3.5,2022
충청남도,논산시,157650633.0,5.6,16260534.0,5.4,2022
충청남도,당진시,157650633.0,5.6,23292990.0,7.8,2022
충청남도,보령시,157650633.0,5.6,18345523.0,6.1,2022
충청남도,부여군,157650633.0,5.6,11023642.0,3.7,2022
충청남도,서산시,157650633.0,5.6,18311958.0,6.1,2022
충청남도,서천군,157650633.0,5.6,10108392.0,3.4,2022
충청남도,아산시,157650633.0,5.6,34453363.0,11.5,2022
충청남도,예산군,157650633.0,5.6,14961964.0,5.0,2022
충청남도,천안시,157650633.0,5.6,75736612.0,25.2,2022
충청남도,청양군,157650633.0,5.6,4722434.0,1.6,2022
충청남도,태안군,157650633.0,5.6,18085298.0,6.0,2022
충청남도,홍성군,157650633.0,5.6,12152854.0,4.0,2022
충청북도,괴산군,107613782.0,3.8,10510864.0,4.7,2022
충청북도,단양군,107613782.0,3.8,8807060.0,3.9,2022
충청북도,보은군,107613782.0,3.8,6022919.0,2.7,2022
충청북도,영동군,107613782.0,3.8,6496136.0,2.9,2022
충청북도,옥천군,107613782.0,3.8,10502908.0,4.7,2022
충청북도,음성군,107613782.0,3.8,19141188.0,8.5,2022
충청북도,제천시,107613782.0,3.8,14744118.0,6.6,2022
충청북도,증평군,107613782.0,3.8,5827234.0,2.6,2022
충청북도,진천군,107613782.0,3.8,12821067.0,5.7,2022
충청북도,청주시,107613782.0,3.8,105561032.0,47.0,2022
충청북도,충주시,107613782.0,3.8,24162316.0,10.8,2022
강원특별자치도,강릉시,151848858.0,5.2,34210099.0,12.7,2023
강원특별자치도,고성군,151848858.0,5.2,12999136.0,4.8,2023
강원특별자치도,동해시,151848858.0,5.2,11948419.0,4.4,2023
강원특별자치도,삼척시,151848858.0,5.2,12062306.0,4.5,2023
강원특별자치도,속초시,151848858.0,5.2,24860045.0,9.2,2023
강원특별자치도,양구군,151848858.0,5.2,2891791.0,1.1,2023
강원특별자치도,양양군,151848858.0,5.2,15804134.0,5.9,2023
강원특별자치도,영월군,151848858.0,5.2,7248297.0,2.7,2023
강원특별자치도,원주시,151848858.0,5.2,33205522.0,12.3,2023
강원특별자치도,인제군,151848858.0,5.2,9295818.0,3.5,2023
강원특별자치도,정선군,151848858.0,5.2,9877122.0,3.7,2023
강원특별자치도,철원군,151848858.0,5.2,7169348.0,2.7,2023
강원특별자치도,춘천시,151848858.0,5.2,31979812.0,11.9,2023
강원특별자치도,태백시,151848858.0,5.2,5406163.0,2.0,2023
강원특별자치도,평창군,151848858.0,5.2,17665613.0,6.6,2023
강원특별자치도,홍천군,151848858.0,5.2,16961780.0,6.3,2023
강원특별자치도,화천군,151848858.0,5.2,4657212.0,1.7,2023
강원특별자치도,횡성군,151848858.0,5.2,11156142.0,4.1,2023
경기도,가평군,627366383.0,21.5,26804148.0,1.5,2023
경기도,고양시,627366383.0,21.5,140709212.0,8.0,2023
경기도,과천시,627366383.0,21.5,20448456.0,1.2,2023
경기도,광명시,627366383.0,21.5,40819090.0,2.3,2023
경기도,광주시,627366383.0,21.5,46174240.0,2.6,2023
경기도,구리시,627366383.0,21.5,45153374.0,2.6,2023
경기도,군포시,627366383.0,21.5,26247452.0,1.5,2023
경기도,김포시,627366383.0,21.5,51254312.0,2.9,2023
경기도,남양주시,627366383.0,21.5,72963352.0,4.2,2023
경기도,동두천시,627366383.0,21.5,9741501.0,0.6,2023
경기도,부천시,627366383.0,21.5,72007929.0,4.1,2023
경기도,성남시,627366383.0,21.5,143241952.0,8.1,2023
경기도,수원시,627366383.0,21.5,176525996.0,10.0,2023
경기도,시흥시,627366383.0,21.5,53104398.0,3.0,2023
경기도,안산시,627366383.0,21.5,73697071.0,4.2,2023
경기도,안성시,627366383.0,21.5,35788431.0,2.0,2023
경기도,안양시,627366383.0,21.5,65941421.0,3.8,2023
경기도,양주시,627366383.0,21.5,34995852.0,2.0,2023
경기도,양평군,627366383.0,21.5,30927008.0,1.8,2023
경기도,여주시,627366383.0,21.5,25453953.0,1.4,2023
경기도,연천군,627366383.0,21.5,9125529.0,0.5,2023
경기도,오산시,627366383.0,21.5,28526491.0,1.6,2023
경기도,용인시,627366383.0,21.5,131522475.0,7.5,2023
경기도,의왕시,627366383.0,21.5,28832328.0,1.6,2023
경기도,의정부시,627366383.0,21.5,43543108.0,2.5,2023
경기도,이천시,627366383.0,21.5,37623912.0,2.1,2023
경기도,파주시,627366383.0,21.5,53389430.0,3.0,2023
경기도,평택시,627366383.0,21.5,48231438.0,2.7,2023
경기도,포천시,627366383.0,21.5,28812248.0,1.6,2023
경기도,하남시,627366383.0,21.5,56476056.0,3.2,2023
경기도,화성시,627366383.0,21.5,99817662.0,5.7,2023
경상남도,거제시,155312930.0,5.3,23159104.0,6.4,2023
경상남도,거창군,155312930.0,5.3,6580472.0,1.8,2023
경상남도,고성군,155312930.0,5.3,9720232.0,2.7,2023
경상남도,김해시,155312930.0,5.3,44175498.0,12.3,2023
경상남도,남해군,155312930.0,5.3,8570436.0,2.4,2023
경상남도,밀양시,155312930.0,5.3,15103218.0,4.2,2023
경상남도,사천시,155312930.0,5.3,15804456.0,4.4,2023
경상남도,산청군,155312930.0,5.3,7305820.0,2.0,2023
경상남도,양산시,155312930.0,5.3,33959163.0,9.4,2023
경상남도,의령군,155312930.0,5.3,4407442.0,1.2,2023
경상남도,진주시,155312930.0,5.3,22625138.0,6.3,2023
경상남도,창녕군,155312930.0,5.3,9794830.0,2.7,2023
경상남도,창원시,155312930.0,5.3,110396741.0,30.6,2023
경상남도,통영시,155312930.0,5.3,15929700.0,4.4,2023
경상남도,하동군,155312930.0,5.3,8239802.0,2.3,2023
경상남도,함안군,155312930.0,5.3,11034170.0,3.1,2023
경상남도,함양군,155312930.0,5.3,6520076.0,1.8,2023
경상남도,합천군,155312930.0,5.3,6918681.0,1.9,2023
경상북도,경산시,180116114.0,6.2,31100198.0,9.5,2023
경상북도,경주시,180116114.0,6.2,47543034.0,14.5,2023
경상북도,고령군,180116114.0,6.2,6172537.0,1.9,2023
경상북도,구미시,180116114.0,6.2,26158044.0,8.0,2023
경상북도,김천시,180116114.0,6.2,12996834.0,4.0,2023
경상북도,문경시,180116114.0,6.2,11253470.0,3.4,2023
경상북도,봉화군,180116114.0,6.2,4572400.0,1.4,2023
경상북도,상주시,180116114.0,6.2,13742866.0,4.2,2023
경상북도,성주군,180116114.0,6.2,7516768.0,2.3,2023
경상북도,안동시,180116114.0,6.2,17133200.0,5.2,2023
경상북도,영덕군,180116114.0,6.2,10492248.0,3.2,2023
경상북도,영양군,180116114.0,6.2,1730488.0,0.5,2023
경상북도,영주시,180116114.0,6.2,8869693.0,2.7,2023
경상북도,영천시,180116114.0,6.2,13292755.0,4.0,2023
경상북도,예천군,180116114.0,6.2,6933598.0,2.1,2023
경상북도,울릉군,180116114.0,6.2,1722892.0,0.5,2023
경상북도,울진군,180116114.0,6.2,8373813.0,2.5,2023
경상북도,의성군,180116114.0,6.2,7243204.0,2.2,2023
경상북도,청도군,180116114.0,6.2,10414680.0,3.2,2023
경상북도,청송군,180116114.0,6.2,5187378.0,1.6,2023
경상북도,칠곡군,180116114.0,6.2,21741020.0,6.6,2023
경상북도,포항시,180116114.0,6.2,54741813.0,16.6,2023
광주광역시,광산구,66257320.0,2.3,44987932.0,22.9,2023
광주광역시,남구,66257320.0,2.3,20769088.0,10.6,2023
광주광역시,동구,66257320.0,2.3,33695221.0,17.1,2023
광주광역시,북구,66257320.0,2.3,46529238.0,23.7,2023
광주광역시,서구,66257320.0,2.3,50665839.0,25.8,2023
대구광역시,군위군,102614956.0,3.5,7759794.0,2.1,2023
대구광역시,남구,102614956.0,3.5,27349427.0,7.5,2023
대구광역시,달서구,102614956.0,3.5,54538603.0,15.0,2023
대구광역시,달성군,102614956.0,3.5,29944204.0,8.2,2023
대구광역시,동구,102614956.0,3.5,60485674.0,16.7,2023
대구광역시,북구,102614956.0,3.5,49672070.0,13.7,2023
대구광역시,서구,102614956.0,3.5,20602516.0,5.7,2023
대구광역시,수성구,102614956.0,3.5,48409802.0,13.3,2023
대구광역시,중구,102614956.0,3.5,64253112.0,17.7,2023
대전광역시,대덕구,82009340.0,2.8,25217300.0,11.4,2023
대전광역시,동구,82009340.0,2.8,36236235.0,16.3,2023
대전광역시,서구,82009340.0,2.8,60011872.0,27.1,2023
대전광역시,유성구,82009340.0,2.8,58629344.0,26.4,2023
대전광역시,중구,82009340.0,2.8,41616246.0,18.8,2023
부산광역시,강서구,148044554.0,5.1,39971334.0,7.0,2023
부산광역시,금정구,148044554.0,5.1,29679346.0,5.2,2023
부산광역시,기장군,148044554.0,5.1,41591224.0,7.3,2023
부산광역시,남구,148044554.0,5.1,30066424.0,5.3,2023
부산광역시,동구,148044554.0,5.1,33045120.0,5.8,2023
부산광역시,동래구,148044554.0,5.1,36786092.0,6.4,2023
부산광역시,부산진구,148044554.0,5.1,71357780.0,12.5,2023
부산광역시,북구,148044554.0,5.1,23854600.0,4.2,2023
부산광역시,사상구,148044554.0,5.1,27717210.0,4.8,2023
부산광역시,사하구,148044554.0,5.1,23240234.0,4.1,2023
부산광역시,서구,148044554.0,5.1,20305582.0,3.5,2023
부산광역시,수영구,148044554.0,5.1,37754664.0,6.6,2023
부산광역시,연제구,148044554.0,5.1,30045309.0,5.3,2023
부산광역시,영도구,148044554.0,5.1,19090144.0,3.3,2023
부산광역시,중구,148044554.0,5.1,39977112.0,7.0,2023
부산광역시,해운대구,148044554.0,5.1,67603182.0,11.8,2023
서울특별시,강남구,587266491.0,20.1,220328885.0,11.0,2023
서울특별시,강동구,587266491.0,20.1,50010166.0,2.5,2023
서울특별시,강북구,587266491.0,20.1,32727468.0,1.6,2023
서울특별시,강서구,587266491.0,20.1,79779556.0,4.0,2023
서울특별시,관악구,587266491.0,20.1,58825767.0,2.9,2023
서울특별시,광진구,587266491.0,20.1,69453276.0,3.5,2023
서울특별시,구로구,587266491.0,20.1,62523062.0,3.1,2023
서울특별시,금천구,587266491.0,20.1,28857910.0,1.4,2023
서울특별시,노원구,587266491.0,20.1,58360116.0,2.9,2023
서울특별시,도봉구,587266491.0,20.1,30518075.0,1.5,2023
서울특별시,동대문구,587266491.0,20.1,55205920.0,2.8,2023
서울특별시,동작구,587266491.0,20.1,57646768.0,2.9,2023
서울특별시,마포구,587266491.0,20.1,119217938.0,5.9,2023
서울특별시,서대문구,587266491.0,20.1,82982462.0,4.1,2023
서울특별시,서초구,587266491.0,20.1,161275726.0,8.0,2023
서울특별시,성동구,587266491.0,20.1,62123586.0,3.1,2023
서울특별시,성북구,587266491.0,20.1,50372976.0,2.5,2023
서울특별시,송파구,587266491.0,20.1,123537092.0,6.2,2023
서울특별시,양천구,587266491.0,20.1,37318736.0,1.9,2023
서울특별시,영등포구,587266491.0,20.1,110364723.0,5.5,2023
서울특별시,용산구,587266491.0,20.1,100344153.0,5.0,2023
서울특별시,은평구,587266491.0,20.1,37750268.0,1.9,2023
서울특별시,종로구,587266491.0,20.1,136910984.0,6.8,2023
서울특별시,중구,587266491.0,20.1,143526082.0,7.2,2023
서울특별시,중랑구,587266491.0,20.1,35871210.0,1.8,2023
세종특별자치시,세종특별자치시,27405046.0,0.9,31083636.0,100.0,2023
울산광역시,남구,49032032.0,1.7,44206638.0,31.4,2023
울산광역시,동구,49032032.0,1.7,13530755.0,9.6,2023
울산광역시,북구,49032032.0,1.7,23943304.0,17.0,2023
울산광역시,울주군,49032032.0,1.7,34571562.0,24.6,2023
울산광역시,중구,49032032.0,1.7,24491866.0,17.4,2023
인천광역시,강화군,175109028.0,6.0,17308683.0,4.5,2023
인천광역시,계양구,175109028.0,6.0,27919168.0,7.2,2023
인천광역시,남동구,175109028.0,6.0,53427871.0,13.7,2023
인천광역시,동구,175109028.0,6.0,10087196.0,2.6,2023
인천광역시,미추홀구,175109028.0,6.0,44577340.0,11.5,2023
인천광역시,부평구,175109028.0,6.0,48972637.0,12.6,2023
인천광역시,서구,175109028.0,6.0,54442885.0,14.0,2023
인천광역시,연수구,175109028.0,6.0,48676796.0,12.5,2023
인천광역시,옹진군,175109028.0,6.0,6220690.0,1.6,2023
인천광역시,중구,175109028.0,6.0,76946611.0,19.8,2023
전라남도,강진군,128427117.0,4.4,5768942.0,2.3,2023
전라남도,고흥군,128427117.0,4.4,6785656.0,2.7,2023
전라남도,곡성군,128427117.0,4.4,5794030.0,2.3,2023
전라남도,광양시,128427117.0,4.4,13920137.0,5.4,2023
전라남도,구례군,128427117.0,4.4,6280228.0,2.5,2023
전라남도,나주시,128427117.0,4.4,16211664.0,6.3,2023
전라남도,담양군,128427117.0,4.4,15875352.0,6.2,2023
전라남도,목포시,128427117.0,4.4,26447890.0,10.3,2023
전라남도,무안군,128427117.0,4.4,15471631.0,6.0,2023
전라남도,보성군,128427117.0,4.4,7275926.0,2.8,2023
전라남도,순천시,128427117.0,4.4,27796234.0,10.9,2023
전라남도,신안군,128427117.0,4.4,7268600.0,2.8,2023
전라남도,여수시,128427117.0,4.4,27597762.0,10.8,2023
전라남도,영광군,128427117.0,4.4,7291862.0,2.8,2023
전라남도,영암군,128427117.0,4.4,10479021.0,4.1,2023
전라남도,완도군,128427117.0,4.4,6161452.0,2.4,2023
전라남도,장성군,128427117.0,4.4,10612329.0,4.1,2023
전라남도,장흥군,128427117.0,4.4,5466146.0,2.1,2023
전라남도,진도군,128427117.0,4.4,5156900.0,2.0,2023
전라남도,함평군,128427117.0,4.4,6344359.0,2.5,2023
전라남도,해남군,128427117.0,4.4,9214940.0,3.6,2023
전라남도,화순군,128427117.0,4.4,12741407.0,5.0,2023
전북특별자치도,고창군,96051949.0,3.3,9827076.0,4.3,2023
전북특별자치도,군산시,96051949.0,3.3,25153793.0,11.1,2023
전북특별자치도,김제시,96051949.0,3.3,12199747.0,5.4,2023
전북특별자치도,남원시,96051949.0,3.3,10456618.0,4.6,2023
전북특별자치도,무주군,96051949.0,3.3,8460599.0,3.7,2023
전북특별자치도,부안군,96051949.0,3.3,10441214.0,4.6,2023
전북특별자치도,순창군,96051949.0,3.3,5067419.0,2.2,2023
전북특별자치도,완주군,96051949.0,3.3,22370534.0,9.9,2023
전북특별자치도,익산시,96051949.0,3.3,23844289.0,10.5,2023
전북특별자치도,임실군,96051949.0,3.3,8522745.0,3.8,2023
전북특별자치도,장수군,96051949.0,3.3,2824728.0,1.2,2023
전북특별자치도,전주시,96051949.0,3.3,71589682.0,31.5,2023
전북특별자치도,정읍시,96051949.0,3.3,11379658.0,5.0,2023
전북특별자치도,진안군,96051949.0,3.3,4805840.0,2.1,2023
제주특별자치도,서귀포시,60629072.0,2.1,45559598.0,42.8,2023
제주특별자치도,제주시,60629072.0,2.1,60824946.0,57.2,2023
충청남도,계룡시,164815175.0,5.7,5151682.0,1.7,2023
충청남도,공주시,164815175.0,5.7,26014156.0,8.5,2023
충청남도,금산군,164815175.0,5.7,10297466.0,3.4,2023
충청남도,논산시,164815175.0,5.7,16571947.0,5.4,2023
충청남도,당진시,164815175.0,5.7,23125249.0,7.6,2023
충청남도,보령시,164815175.0,5.7,17881668.0,5.9,2023
충청남도,부여군,164815175.0,5.7,10782208.0,3.5,2023
충청남도,서산시,164815175.0,5.7,18517814.0,6.1,2023
충청남도,서천군,164815175.0,5.7,10723223.0,3.5,2023
충청남도,아산시,164815175.0,5.7,36498304.0,12.0,2023
충청남도,예산군,164815175.0,5.7,15471036.0,5.1,2023
충청남도,천안시,164815175.0,5.7,79149592.0,25.9,2023
충청남도,청양군,164815175.0,5.7,4921434.0,1.6,2023
충청남도,태안군,164815175.0,5.7,17651886.0,5.8,2023
충청남도,홍성군,164815175.0,5.7,12657914.0,4.1,2023
충청북도,괴산군,112764396.0,3.9,10740622.0,4.6,2023
충청북도,단양군,112764396.0,3.9,9421416.0,4.1,2023
충청북도,보은군,112764396.0,3.9,6853154.0,3.0,2023
충청북도,영동군,112764396.0,3.9,6762942.0,2.9,2023
충청북도,옥천군,112764396.0,3.9,10498831.0,4.5,2023
충청북도,음성군,112764396.0,3.9,18940880.0,8.2,2023
충청북도,제천시,112764396.0,3.9,15507156.0,6.7,2023
충청북도,증평군,112764396.0,3.9,5838592.0,2.5,2023
충청북도,진천군,112764396.0,3.9,12689320.0,5.5,2023
충청북도,청주시,112764396.0,3.9,109045818.0,47.0,2023
충청북도,충주시,112764396.0,3.9,25952636.0,11.2,2023
강원특별자치도,강릉시,146618304.0,5.0,33233340.0,12.4,2024
강원특별자치도,고성군,146618304.0,5.0,12175709.0,4.6,2024
강원특별자치도,동해시,146618304.0,5.0,11545093.0,4.3,2024
강원특별자치도,삼척시,146618304.0,5.0,11910532.0,4.5,2024
강원특별자치도,속초시,146618304.0,5.0,24779951.0,9.3,2024
강원특별자치도,양구군,146618304.0,5.0,2935331.0,1.1,2024
강원특별자치도,양양군,146618304.0,5.0,15200412.0,5.7,2024
강원특별자치도,영월군,146618304.0,5.0,7062472.0,2.6,2024
강원특별자치도,원주시,146618304.0,5.0,33771454.0,12.6,2024
강원특별자치도,인제군,146618304.0,5.0,8839316.0,3.3,2024
강원특별자치도,정선군,146618304.0,5.0,9916344.0,3.7,2024
강원특별자치도,철원군,146618304.0,5.0,6907901.0,2.6,2024
강원특별자치도,춘천시,146618304.0,5.0,30040598.0,11.3,2024
강원특별자치도,태백시,146618304.0,5.0,5337983.0,2.0,2024
강원특별자치도,평창군,146618304.0,5.0,17309016.0,6.5,2024
강원특별자치도,홍천군,146618304.0,5.0,20519586.0,7.7,2024
강원특별자치도,화천군,146618304.0,5.0,4288592.0,1.6,2024
강원특별자치도,횡성군,146618304.0,5.0,11232728.0,4.2,2024
경기도,가평군,625437908.0,21.4,25988540.0,1.5,2024
경기도,고양시,625437908.0,21.4,141307684.0,7.9,2024
경기도,과천시,625437908.0,21.4,20885144.0,1.2,2024
경기도,광명시,625437908.0,21.4,39656071.0,2.2,2024
경기도,광주시,625437908.0,21.4,46568725.0,2.6,2024
경기도,구리시,625437908.0,21.4,45593086.0,2.5,2024
경기도,군포시,625437908.0,21.4,25427048.0,1.4,2024
경기도,김포시,625437908.0,21.4,50313858.0,2.8,2024
경기도,남양주시,625437908.0,21.4,69816596.0,3.9,2024
경기도,동두천시,625437908.0,21.4,10106442.0,0.6,2024
경기도,부천시,625437908.0,21.4,101540782.0,5.7,2024
경기도,성남시,625437908.0,21.4,145075186.0,8.1,2024
경기도,수원시,625437908.0,21.4,186751684.0,10.4,2024
경기도,시흥시,625437908.0,21.4,54374215.0,3.0,2024
경기도,안산시,625437908.0,21.4,76701912.0,4.3,2024
경기도,안성시,625437908.0,21.4,34515240.0,1.9,2024
경기도,안양시,625437908.0,21.4,67733110.0,3.8,2024
경기도,양주시,625437908.0,21.4,34287197.0,1.9,2024
경기도,양평군,625437908.0,21.4,29045838.0,1.6,2024
경기도,여주시,625437908.0,21.4,24131278.0,1.3,2024
경기도,연천군,625437908.0,21.4,9304900.0,0.5,2024
경기도,오산시,625437908.0,21.4,29795360.0,1.7,2024
경기도,용인시,625437908.0,21.4,135856696.0,7.6,2024
경기도,의왕시,625437908.0,21.4,29677000.0,1.7,2024
경기도,의정부시,625437908.0,21.4,41805813.0,2.3,2024
경기도,이천시,625437908.0,21.4,35581668.0,2.0,2024
경기도,파주시,625437908.0,21.4,51205119.0,2.9,2024
경기도,평택시,625437908.0,21.4,48023528.0,2.7,2024
경기도,포천시,625437908.0,21.4,27587620.0,1.5,2024
경기도,하남시,625437908.0,21.4,54645213.0,3.1,2024
경기도,화성시,625437908.0,21.4,98212464.0,5.5,2024
경상남도,거제시,157232103.0,5.4,22541740.0,6.2,2024
경상남도,거창군,157232103.0,5.4,6609036.0,1.8,2024
경상남도,고성군,157232103.0,5.4,10744520.0,3.0,2024
경상남도,김해시,157232103.0,5.4,44335022.0,12.2,2024
경상남도,남해군,157232103.0,5.4,8389745.0,2.3,2024
경상남도,밀양시,157232103.0,5.4,15237348.0,4.2,2024
경상남도,사천시,157232103.0,5.4,14876228.0,4.1,2024
경상남도,산청군,157232103.0,5.4,7476192.0,2.1,2024
경상남도,양산시,157232103.0,5.4,35162152.0,9.7,2024
경상남도,의령군,157232103.0,5.4,4518941.0,1.2,2024
경상남도,진주시,157232103.0,5.4,22439336.0,6.2,2024
경상남도,창녕군,157232103.0,5.4,9870903.0,2.7,2024
경상남도,창원시,157232103.0,5.4,112315598.0,30.9,2024
경상남도,통영시,157232103.0,5.4,15488764.0,4.3,2024
경상남도,하동군,157232103.0,5.4,7841480.0,2.2,2024
경상남도,함안군,157232103.0,5.4,10880264.0,3.0,2024
경상남도,함양군,157232103.0,5.4,7568953.0,2.1,2024
경상남도,합천군,157232103.0,5.4,6801081.0,1.9,2024
경상북도,경산시,178592992.0,6.1,29736892.0,9.1,2024
경상북도,경주시,178592992.0,6.1,47098236.0,14.3,2024
경상북도,고령군,178592992.0,6.1,6223000.0,1.9,2024
경상북도,구미시,178592992.0,6.1,26685134.0,8.1,2024
경상북도,김천시,178592992.0,6.1,14786800.0,4.5,2024
경상북도,문경시,178592992.0,6.1,11111191.0,3.4,2024
경상북도,봉화군,178592992.0,6.1,4612346.0,1.4,2024
경상북도,상주시,178592992.0,6.1,13678444.0,4.2,2024
경상북도,성주군,178592992.0,6.1,7492908.0,2.3,2024
경상북도,안동시,178592992.0,6.1,17166720.0,5.2,2024
경상북도,영덕군,178592992.0,6.1,10103415.0,3.1,2024
경상북도,영양군,178592992.0,6.1,1749542.0,0.5,2024
경상북도,영주시,178592992.0,6.1,9143516.0,2.8,2024
경상북도,영천시,178592992.0,6.1,13191692.0,4.0,2024
경상북도,예천군,178592992.0,6.1,6830548.0,2.1,2024
경상북도,울릉군,178592992.0,6.1,1640919.0,0.5,2024
경상북도,울진군,178592992.0,6.1,8011717.0,2.4,2024
경상북도,의성군,178592992.0,6.1,7034216.0,2.1,2024
경상북도,청도군,178592992.0,6.1,10355408.0,3.2,2024
경상북도,청송군,178592992.0,6.1,4938196.0,1.5,2024
경상북도,칠곡군,178592992.0,6.1,22351812.0,6.8,2024
경상북도,포항시,178592992.0,6.1,54589472.0,16.6,2024
광주광역시,광산구,66355821.0,2.3,47365294.0,23.5,2024
광주광역시,남구,66355821.0,2.3,20396568.0,10.1,2024
광주광역시,동구,66355821.0,2.3,33012763.0,16.4,2024
광주광역시,북구,66355821.0,2.3,48421499.0,24.0,2024
광주광역시,서구,66355821.0,2.3,52490116.0,26.0,2024
대구광역시,군위군,105352492.0,3.6,8138648.0,2.2,2024
대구광역시,남구,105352492.0,3.6,26680542.0,7.2,2024
대구광역시,달서구,105352492.0,3.6,55152086.0,14.9,2024
대구광역시,달성군,105352492.0,3.6,30073148.0,8.1,2024
대구광역시,동구,105352492.0,3.6,62932639.0,16.9,2024
대구광역시,북구,105352492.0,3.6,51487356.0,13.9,2024
대구광역시,서구,105352492.0,3.6,21062800.0,5.7,2024
대구광역시,수성구,105352492.0,3.6,50045880.0,13.5,2024
대구광역시,중구,105352492.0,3.6,65750276.0,17.7,2024
대전광역시,대덕구,84639908.0,2.9,27040402.0,11.4,2024
대전광역시,동구,84639908.0,2.9,41687964.0,17.6,2024
대전광역시,서구,84639908.0,2.9,62520644.0,26.4,2024
대전광역시,유성구,84639908.0,2.9,60916506.0,25.7,2024
대전광역시,중구,84639908.0,2.9,44978808.0,19.0,2024
부산광역시,강서구,150240038.0,5.1,41067383.0,7.1,2024
부산광역시,금정구,150240038.0,5.1,29811316.0,5.1,2024
부산광역시,기장군,150240038.0,5.1,40585640.0,7.0,2024
부산광역시,남구,150240038.0,5.1,30712129.0,5.3,2024
부산광역시,동구,150240038.0,5.1,36437030.0,6.3,2024
부산광역시,동래구,150240038.0,5.1,38889592.0,6.7,2024
부산광역시,부산진구,150240038.0,5.1,71485827.0,12.3,2024
부산광역시,북구,150240038.0,5.1,24157189.0,4.1,2024
부산광역시,사상구,150240038.0,5.1,28450558.0,4.9,2024
부산광역시,사하구,150240038.0,5.1,23972634.0,4.1,2024
부산광역시,서구,150240038.0,5.1,20592180.0,3.5,2024
부산광역시,수영구,150240038.0,5.1,38222387.0,6.6,2024
부산광역시,연제구,150240038.0,5.1,31276455.0,5.4,2024
부산광역시,영도구,150240038.0,5.1,18449960.0,3.2,2024
부산광역시,중구,150240038.0,5.1,39811723.0,6.8,2024
부산광역시,해운대구,150240038.0,5.1,68279911.0,11.7,2024
서울특별시,강남구,595780850.0,20.4,219722170.0,10.7,2024
서울특별시,강동구,595780850.0,20.4,51831332.0,2.5,2024
서울특별시,강북구,595780850.0,20.4,33298538.0,1.6,2024
서울특별시,강서구,595780850.0,20.4,82865100.0,4.0,2024
서울특별시,관악구,595780850.0,20.4,62900089.0,3.1,2024
서울특별시,광진구,595780850.0,20.4,71443292.0,3.5,2024
서울특별시,구로구,595780850.0,20.4,65360586.0,3.2,2024
서울특별시,금천구,595780850.0,20.4,28629710.0,1.4,2024
서울특별시,노원구,595780850.0,20.4,59005026.0,2.9,2024
서울특별시,도봉구,595780850.0,20.4,32230730.0,1.6,2024
서울특별시,동대문구,595780850.0,20.4,56590348.0,2.7,2024
서울특별시,동작구,595780850.0,20.4,61123206.0,3.0,2024
서울특별시,마포구,595780850.0,20.4,120597606.0,5.8,2024
서울특별시,서대문구,595780850.0,20.4,86049702.0,4.2,2024
서울특별시,서초구,595780850.0,20.4,170736923.0,8.3,2024
서울특별시,성동구,595780850.0,20.4,65565644.0,3.2,2024
서울특별시,성북구,595780850.0,20.4,51913470.0,2.5,2024
서울특별시,송파구,595780850.0,20.4,126025473.0,6.1,2024
서울특별시,양천구,595780850.0,20.4,37908140.0,1.8,2024
서울특별시,영등포구,595780850.0,20.4,116078750.0,5.6,2024
서울특별시,용산구,595780850.0,20.4,104059739.0,5.0,2024
서울특별시,은평구,595780850.0,20.4,36211455.0,1.8,2024
서울특별시,종로구,595780850.0,20.4,138343440.0,6.7,2024
서울특별시,중구,595780850.0,20.4,146894664.0,7.1,2024
서울특별시,중랑구,595780850.0,20.4,36452538.0,1.8,2024
세종특별자치시,세종특별자치시,27966670.0,1.0,31274120.0,100.0,2024
울산광역시,남구,49936890.0,1.7,45332696.0,31.7,2024
울산광역시,동구,49936890.0,1.7,13470146.0,9.4,2024
울산광역시,북구,49936890.0,1.7,24444567.0,17.1,2024
울산광역시,울주군,49936890.0,1.7,35822087.0,25.0,2024
울산광역시,중구,49936890.0,1.7,24058363.0,16.8,2024
인천광역시,강화군,177319548.0,6.1,16935478.0,4.1,2024
인천광역시,계양구,177319548.0,6.1,29857712.0,7.2,2024
인천광역시,남동구,177319548.0,6.1,54502150.0,13.1,2024
인천광역시,동구,177319548.0,6.1,8949308.0,2.2,2024
인천광역시,미추홀구,177319548.0,6.1,45037433.0,10.8,2024
인천광역시,부평구,177319548.0,6.1,47790642.0,11.5,2024
인천광역시,서구,177319548.0,6.1,55941554.0,13.5,2024
인천광역시,연수구,177319548.0,6.1,48486235.0,11.7,2024
인천광역시,옹진군,177319548.0,6.1,6507232.0,1.6,2024
인천광역시,중구,177319548.0,6.1,101801966.0,24.5,2024
전라남도,강진군,126777920.0,4.3,5775010.0,2.3,2024
전라남도,고흥군,126777920.0,4.3,6621496.0,2.6,2024
전라남도,곡성군,126777920.0,4.3,5351196.0,2.1,2024
전라남도,광양시,126777920.0,4.3,14129143.0,5.6,2024
전라남도,구례군,126777920.0,4.3,6466649.0,2.6,2024
전라남도,나주시,126777920.0,4.3,16137916.0,6.4,2024
전라남도,담양군,126777920.0,4.3,15756654.0,6.2,2024
전라남도,목포시,126777920.0,4.3,27081534.0,10.7,2024
전라남도,무안군,126777920.0,4.3,15970034.0,6.3,2024
전라남도,보성군,126777920.0,4.3,6985545.0,2.8,2024
전라남도,순천시,126777920.0,4.3,25716912.0,10.2,2024
전라남도,신안군,126777920.0,4.3,7578568.0,3.0,2024
전라남도,여수시,126777920.0,4.3,26919406.0,10.7,2024
전라남도,영광군,126777920.0,4.3,7131128.0,2.8,2024
전라남도,영암군,126777920.0,4.3,10373447.0,4.1,2024
전라남도,완도군,126777920.0,4.3,6277222.0,2.5,2024
전라남도,장성군,126777920.0,4.3,10175624.0,4.0,2024
전라남도,장흥군,126777920.0,4.3,5383088.0,2.1,2024
전라남도,진도군,126777920.0,4.3,5284006.0,2.1,2024
전라남도,함평군,126777920.0,4.3,5957623.0,2.4,2024
전라남도,해남군,126777920.0,4.3,9237014.0,3.7,2024
전라남도,화순군,126777920.0,4.3,12300620.0,4.9,2024
전북특별자치도,고창군,96296204.0,3.3,9170812.0,4.0,2024
전북특별자치도,군산시,96296204.0,3.3,25621810.0,11.1,2024
전북특별자치도,김제시,96296204.0,3.3,12243315.0,5.3,2024
전북특별자치도,남원시,96296204.0,3.3,10447776.0,4.5,2024
전북특별자치도,무주군,96296204.0,3.3,8365508.0,3.6,2024
전북특별자치도,부안군,96296204.0,3.3,10395539.0,4.5,2024
전북특별자치도,순창군,96296204.0,3.3,4857646.0,2.1,2024
전북특별자치도,완주군,96296204.0,3.3,23045603.0,10.0,2024
전북특별자치도,익산시,96296204.0,3.3,24753722.0,10.8,2024
전북특별자치도,임실군,96296204.0,3.3,8875772.0,3.9,2024
전북특별자치도,장수군,96296204.0,3.3,2678179.0,1.2,2024
전북특별자치도,전주시,96296204.0,3.3,73439580.0,31.9,2024
전북특별자치도,정읍시,96296204.0,3.3,11239448.0,4.9,2024
전북특별자치도,진안군,96296204.0,3.3,4794066.0,2.1,2024
제주특별자치도,서귀포시,57928874.0,2.0,43489054.0,42.6,2024
제주특별자치도,제주시,57928874.0,2.0,58599093.0,57.4,2024
충청남도,계룡시,165468408.0,5.7,5217796.0,1.7,2024
충청남도,공주시,165468408.0,5.7,24197768.0,7.9,2024
충청남도,금산군,165468408.0,5.7,10098074.0,3.3,2024
충청남도,논산시,165468408.0,5.7,16952096.0,5.5,2024
충청남도,당진시,165468408.0,5.7,23600700.0,7.7,2024
충청남도,보령시,165468408.0,5.7,17635404.0,5.8,2024
충청남도,부여군,165468408.0,5.7,10057978.0,3.3,2024
충청남도,서산시,165468408.0,5.7,17856293.0,5.8,2024
충청남도,서천군,165468408.0,5.7,10570476.0,3.5,2024
충청남도,아산시,165468408.0,5.7,38456334.0,12.6,2024
충청남도,예산군,165468408.0,5.7,14951020.0,4.9,2024
충청남도,천안시,165468408.0,5.7,81718830.0,26.7,2024
충청남도,청양군,165468408.0,5.7,4573898.0,1.5,2024
충청남도,태안군,165468408.0,5.7,17331972.0,5.7,2024
충청남도,홍성군,165468408.0,5.7,12458204.0,4.1,2024
충청북도,괴산군,115004435.0,3.9,11421868.0,4.7,2024
충청북도,단양군,115004435.0,3.9,9670692.0,4.0,2024
충청북도,보은군,115004435.0,3.9,8081902.0,3.3,2024
충청북도,영동군,115004435.0,3.9,6594514.0,2.7,2024
충청북도,옥천군,115004435.0,3.9,11149036.0,4.6,2024
충청북도,음성군,115004435.0,3.9,17800198.0,7.4,2024
충청북도,제천시,115004435.0,3.9,15584706.0,6.5,2024
충청북도,증평군,115004435.0,3.9,5996168.0,2.5,2024
충청북도,진천군,115004435.0,3.9,12937526.0,5.4,2024
충청북도,청주시,115004435.0,3.9,111386135.0,46.1,2024
충청북도,충주시,115004435.0,3.9,30843876.0,12.8,2024
강원특별자치도,강릉시,151235214.0,4.9,34369052.0,12.4,2025
강원특별자치도,고성군,151235214.0,4.9,12867253.0,4.6,2025
강원특별자치도,동해시,151235214.0,4.9,12337381.0,4.5,2025
강원특별자치도,삼척시,151235214.0,4.9,12247868.0,4.4,2025
강원특별자치도,속초시,151235214.0,4.9,26004958.0,9.4,2025
강원특별자치도,양구군,151235214.0,4.9,3034185.0,1.1,2025
강원특별자치도,양양군,151235214.0,4.9,15541620.0,5.6,2025
강원특별자치도,영월군,151235214.0,4.9,7287028.0,2.6,2025
강원특별자치도,원주시,151235214.0,4.9,34872719.0,12.6,2025
강원특별자치도,인제군,151235214.0,4.9,9881246.0,3.6,2025
강원특별자치도,정선군,151235214.0,4.9,10187373.0,3.7,2025
강원특별자치도,철원군,151235214.0,4.9,6823523.0,2.5,2025
강원특별자치도,춘천시,151235214.0,4.9,30317550.0,11.0,2025
강원특별자치도,태백시,151235214.0,4.9,5484154.0,2.0,2025
강원특별자치도,평창군,151235214.0,4.9,17450391.0,6.3,2025
강원특별자치도,홍천군,151235214.0,4.9,22264907.0,8.0,2025
강원특별자치도,화천군,151235214.0,4.9,4317246.0,1.6,2025
강원특별자치도,횡성군,151235214.0,4.9,11435218.0,4.1,2025
경기도,가평군,660044175.0,21.3,26055662.0,1.4,2025
경기도,고양시,660044175.0,21.3,147370912.0,7.8,2025
경기도,과천시,660044175.0,21.3,21756396.0,1.2,2025
경기도,광명시,660044175.0,21.3,45173992.0,2.4,2025
경기도,광주시,660044175.0,21.3,47871411.0,2.5,2025
경기도,구리시,660044175.0,21.3,48324591.0,2.6,2025
경기도,군포시,660044175.0,21.3,26327126.0,1.4,2025
경기도,김포시,660044175.0,21.3,52503766.0,2.8,2025
경기도,남양주시,660044175.0,21.3,71537036.0,3.8,2025
경기도,동두천시,660044175.0,21.3,10291432.0,0.5,2025
경기도,부천시,660044175.0,21.3,107586042.0,5.7,2025
경기도,성남시,660044175.0,21.3,150498982.0,8.0,2025
경기도,수원시,660044175.0,21.3,197404756.0,10.5,2025
경기도,시흥시,660044175.0,21.3,56498228.0,3.0,2025
경기도,안산시,660044175.0,21.3,81026704.0,4.3,2025
경기도,안성시,660044175.0,21.3,36616430.0,1.9,2025
경기도,안양시,660044175.0,21.3,71777100.0,3.8,2025
경기도,양주시,660044175.0,21.3,35057320.0,1.9,2025
경기도,양평군,660044175.0,21.3,29355088.0,1.6,2025
경기도,여주시,660044175.0,21.3,24741706.0,1.3,2025
경기도,연천군,660044175.0,21.3,9108421.0,0.5,2025
경기도,오산시,660044175.0,21.3,31783602.0,1.7,2025
경기도,용인시,660044175.0,21.3,143776294.0,7.6,2025
경기도,의왕시,660044175.0,21.3,31454752.0,1.7,2025
경기도,의정부시,660044175.0,21.3,43723435.0,2.3,2025
경기도,이천시,660044175.0,21.3,36501300.0,1.9,2025
경기도,파주시,660044175.0,21.3,53117096.0,2.8,2025
경기도,평택시,660044175.0,21.3,54350090.0,2.9,2025
경기도,포천시,660044175.0,21.3,28267088.0,1.5,2025
경기도,하남시,660044175.0,21.3,58949310.0,3.1,2025
경기도,화성시,660044175.0,21.3,104112312.0,5.5,2025
경상남도,거제시,166687846.0,5.4,23656234.0,6.2,2025
경상남도,거창군,166687846.0,5.4,6971328.0,1.8,2025
경상남도,고성군,166687846.0,5.4,10904481.0,2.8,2025
경상남도,김해시,166687846.0,5.4,47535688.0,12.4,2025
경상남도,남해군,166687846.0,5.4,9057447.0,2.4,2025
경상남도,밀양시,166687846.0,5.4,16012308.0,4.2,2025
경상남도,사천시,166687846.0,5.4,15397932.0,4.0,2025
경상남도,산청군,166687846.0,5.4,7362719.0,1.9,2025
경상남도,양산시,166687846.0,5.4,38676393.0,10.1,2025
경상남도,의령군,166687846.0,5.4,4636712.0,1.2,2025
경상남도,진주시,166687846.0,5.4,23631720.0,6.1,2025
경상남도,창녕군,166687846.0,5.4,10376446.0,2.7,2025
경상남도,창원시,166687846.0,5.4,118794417.0,30.9,2025
경상남도,통영시,166687846.0,5.4,16342890.0,4.3,2025
경상남도,하동군,166687846.0,5.4,7826654.0,2.0,2025
경상남도,함안군,166687846.0,5.4,11526434.0,3.0,2025
경상남도,함양군,166687846.0,5.4,8776845.0,2.3,2025
경상남도,합천군,166687846.0,5.4,6944136.0,1.8,2025
경상북도,경산시,187787058.0,6.1,31554061.0,9.1,2025
경상북도,경주시,187787058.0,6.1,50203226.0,14.5,2025
경상북도,고령군,187787058.0,6.1,6465302.0,1.9,2025
경상북도,구미시,187787058.0,6.1,27913767.0,8.1,2025
경상북도,김천시,187787058.0,6.1,15764186.0,4.6,2025
경상북도,문경시,187787058.0,6.1,12248943.0,3.5,2025
경상북도,봉화군,187787058.0,6.1,4719914.0,1.4,2025
경상북도,상주시,187787058.0,6.1,14343000.0,4.2,2025
경상북도,성주군,187787058.0,6.1,7885868.0,2.3,2025
경상북도,안동시,187787058.0,6.1,18054592.0,5.2,2025
경상북도,영덕군,187787058.0,6.1,10876688.0,3.1,2025
경상북도,영양군,187787058.0,6.1,1821575.0,0.5,2025
경상북도,영주시,187787058.0,6.1,9517949.0,2.8,2025
경상북도,영천시,187787058.0,6.1,13953628.0,4.0,2025
경상북도,예천군,187787058.0,6.1,7081907.0,2.1,2025
경상북도,울릉군,187787058.0,6.1,1578024.0,0.5,2025
경상북도,울진군,187787058.0,6.1,8678680.0,2.5,2025
경상북도,의성군,187787058.0,6.1,7121944.0,2.1,2025
경상북도,청도군,187787058.0,6.1,10707694.0,3.1,2025
경상북도,청송군,187787058.0,6.1,5006942.0,1.4,2025
경상북도,칠곡군,187787058.0,6.1,23083000.0,6.7,2025
경상북도,포항시,187787058.0,6.1,56746921.0,16.4,2025
광주광역시,광산구,70979688.0,2.3,50635263.0,23.5,2025
광주광역시,남구,70979688.0,2.3,21457978.0,10.0,2025
광주광역시,동구,70979688.0,2.3,34669712.0,16.1,2025
광주광역시,북구,70979688.0,2.3,51785248.0,24.1,2025
광주광역시,서구,70979688.0,2.3,56768876.0,26.4,2025
대구광역시,군위군,112428992.0,3.6,7956574.0,2.0,2025
대구광역시,남구,112428992.0,3.6,27366150.0,7.0,2025
대구광역시,달서구,112428992.0,3.6,57097467.0,14.7,2025
대구광역시,달성군,112428992.0,3.6,31257485.0,8.0,2025
대구광역시,동구,112428992.0,3.6,66700746.0,17.1,2025
대구광역시,북구,112428992.0,3.6,54473566.0,14.0,2025
대구광역시,서구,112428992.0,3.6,22757850.0,5.8,2025
대구광역시,수성구,112428992.0,3.6,52967614.0,13.6,2025
대구광역시,중구,112428992.0,3.6,69024662.0,17.7,2025
대전광역시,대덕구,90947902.0,2.9,28563420.0,11.3,2025
대전광역시,동구,90947902.0,2.9,44073970.0,17.5,2025
대전광역시,서구,90947902.0,2.9,66182568.0,26.3,2025
대전광역시,유성구,90947902.0,2.9,63921858.0,25.4,2025
대전광역시,중구,90947902.0,2.9,49314762.0,19.6,2025
부산광역시,강서구,161883449.0,5.2,44556992.0,7.2,2025
부산광역시,금정구,161883449.0,5.2,30955834.0,5.0,2025
부산광역시,기장군,161883449.0,5.2,42224332.0,6.8,2025
부산광역시,남구,161883449.0,5.2,32563906.0,5.3,2025
부산광역시,동구,161883449.0,5.2,39204182.0,6.4,2025
부산광역시,동래구,161883449.0,5.2,42710108.0,6.9,2025
부산광역시,부산진구,161883449.0,5.2,76215951.0,12.4,2025
부산광역시,북구,161883449.0,5.2,25448528.0,4.1,2025
부산광역시,사상구,161883449.0,5.2,29560996.0,4.8,2025
부산광역시,사하구,161883449.0,5.2,25485968.0,4.1,2025
부산광역시,서구,161883449.0,5.2,21446596.0,3.5,2025
부산광역시,수영구,161883449.0,5.2,41449362.0,6.7,2025
부산광역시,연제구,161883449.0,5.2,32669658.0,5.3,2025
부산광역시,영도구,161883449.0,5.2,18824561.0,3.1,2025
부산광역시,중구,161883449.0,5.2,40783844.0,6.6,2025
부산광역시,해운대구,161883449.0,5.2,72850928.0,11.8,2025
서울특별시,강남구,633285856.0,20.5,229556092.0,10.3,2025
서울특별시,강동구,633285856.0,20.5,57714010.0,2.6,2025
서울특별시,강북구,633285856.0,20.5,35319228.0,1.6,2025
서울특별시,강서구,633285856.0,20.5,94156643.0,4.2,2025
서울특별시,관악구,633285856.0,20.5,68261676.0,3.1,2025
서울특별시,광진구,633285856.0,20.5,75503274.0,3.4,2025
서울특별시,구로구,633285856.0,20.5,70135944.0,3.2,2025
서울특별시,금천구,633285856.0,20.5,30180493.0,1.4,2025
서울특별시,노원구,633285856.0,20.5,61534546.0,2.8,2025
서울특별시,도봉구,633285856.0,20.5,34511918.0,1.6,2025
서울특별시,동대문구,633285856.0,20.5,59865348.0,2.7,2025
서울특별시,동작구,633285856.0,20.5,68372843.0,3.1,2025
서울특별시,마포구,633285856.0,20.5,124398015.0,5.6,2025
서울특별시,서대문구,633285856.0,20.5,90975644.0,4.1,2025
서울특별시,서초구,633285856.0,20.5,191446980.0,8.6,2025
서울특별시,성동구,633285856.0,20.5,78024331.0,3.5,2025
서울특별시,성북구,633285856.0,20.5,59138510.0,2.7,2025
서울특별시,송파구,633285856.0,20.5,134710653.0,6.1,2025
서울특별시,양천구,633285856.0,20.5,41531088.0,1.9,2025
서울특별시,영등포구,633285856.0,20.5,120815328.0,5.4,2025
서울특별시,용산구,633285856.0,20.5,118812659.0,5.3,2025
서울특별시,은평구,633285856.0,20.5,37894882.0,1.7,2025
서울특별시,종로구,633285856.0,20.5,148918570.0,6.7,2025
서울특별시,중구,633285856.0,20.5,152326780.0,6.9,2025
서울특별시,중랑구,633285856.0,20.5,37691154.0,1.7,2025
세종특별자치시,세종특별자치시,30128382.0,1.0,33609618.0,100.0,2025
울산광역시,남구,52682231.0,1.7,49309032.0,32.4,2025
울산광역시,동구,52682231.0,1.7,13984212.0,9.2,2025
울산광역시,북구,52682231.0,1.7,25667002.0,16.9,2025
울산광역시,울주군,52682231.0,1.7,38923062.0,25.6,2025
울산광역시,중구,52682231.0,1.7,24258738.0,15.9,2025
인천광역시,강화군,185482860.0,6.0,17196725.0,3.9,2025
인천광역시,계양구,185482860.0,6.0,32334270.0,7.4,2025
인천광역시,남동구,185482860.0,6.0,58331924.0,13.3,2025
인천광역시,동구,185482860.0,6.0,9618626.0,2.2,2025
인천광역시,미추홀구,185482860.0,6.0,47154436.0,10.8,2025
인천광역시,부평구,185482860.0,6.0,50612558.0,11.6,2025
인천광역시,서구,185482860.0,6.0,60355967.0,13.8,2025
인천광역시,연수구,185482860.0,6.0,51176545.0,11.7,2025
인천광역시,옹진군,185482860.0,6.0,6791750.0,1.5,2025
인천광역시,중구,185482860.0,6.0,104629357.0,23.9,2025
전라남도,강진군,132694562.0,4.3,6026678.0,2.3,2025
전라남도,고흥군,132694562.0,4.3,7092340.0,2.7,2025
전라남도,곡성군,132694562.0,4.3,5494776.0,2.1,2025
전라남도,광양시,132694562.0,4.3,14835527.0,5.6,2025
전라남도,구례군,132694562.0,4.3,6485318.0,2.5,2025
전라남도,나주시,132694562.0,4.3,17028914.0,6.4,2025
전라남도,담양군,132694562.0,4.3,16315884.0,6.2,2025
전라남도,목포시,132694562.0,4.3,28289730.0,10.7,2025
전라남도,무안군,132694562.0,4.3,17277340.0,6.5,2025
전라남도,보성군,132694562.0,4.3,7306764.0,2.8,2025
전라남도,순천시,132694562.0,4.3,27951462.0,10.6,2025
전라남도,신안군,132694562.0,4.3,7616522.0,2.9,2025
전라남도,여수시,132694562.0,4.3,27070246.0,10.2,2025
전라남도,영광군,132694562.0,4.3,7278096.0,2.8,2025
전라남도,영암군,132694562.0,4.3,10672462.0,4.0,2025
전라남도,완도군,132694562.0,4.3,6972938.0,2.6,2025
전라남도,장성군,132694562.0,4.3,10714196.0,4.1,2025
전라남도,장흥군,132694562.0,4.3,5534736.0,2.1,2025
전라남도,진도군,132694562.0,4.3,5515640.0,2.1,2025
전라남도,함평군,132694562.0,4.3,6079486.0,2.3,2025
전라남도,해남군,132694562.0,4.3,9848576.0,3.7,2025
전라남도,화순군,132694562.0,4.3,12980964.0,4.9,2025
전북특별자치도,고창군,102129580.0,3.3,9636638.0,4.0,2025
전북특별자치도,군산시,102129580.0,3.3,26817679.0,11.1,2025
전북특별자치도,김제시,102129580.0,3.3,12763492.0,5.3,2025
전북특별자치도,남원시,102129580.0,3.3,10841866.0,4.5,2025
전북특별자치도,무주군,102129580.0,3.3,8380586.0,3.5,2025
전북특별자치도,부안군,102129580.0,3.3,10923154.0,4.5,2025
전북특별자치도,순창군,102129580.0,3.3,4986608.0,2.1,2025
전북특별자치도,완주군,102129580.0,3.3,24016884.0,9.9,2025
전북특별자치도,익산시,102129580.0,3.3,27114160.0,11.2,2025
전북특별자치도,임실군,102129580.0,3.3,9183132.0,3.8,2025
전북특별자치도,장수군,102129580.0,3.3,2758994.0,1.1,2025
전북특별자치도,전주시,102129580.0,3.3,77834246.0,32.2,2025
전북특별자치도,정읍시,102129580.0,3.3,11773069.0,4.9,2025
전북특별자치도,진안군,102129580.0,3.3,5015686.0,2.1,2025
제주특별자치도,서귀포시,59269886.0,1.9,44107350.0,42.3,2025
제주특별자치도,제주시,59269886.0,1.9,60111114.0,57.7,2025
충청남도,계룡시,175403844.0,5.7,5467718.0,1.7,2025
충청남도,공주시,175403844.0,5.7,25786708.0,8.0,2025
충청남도,금산군,175403844.0,5.7,10288162.0,3.2,2025
충청남도,논산시,175403844.0,5.7,17451010.0,5.4,2025
충청남도,당진시,175403844.0,5.7,22250350.0,6.9,2025
충청남도,보령시,175403844.0,5.7,17779601.0,5.5,2025
충청남도,부여군,175403844.0,5.7,11419345.0,3.6,2025
충청남도,서산시,175403844.0,5.7,18388262.0,5.7,2025
충청남도,서천군,175403844.0,5.7,11119518.0,3.5,2025
충청남도,아산시,175403844.0,5.7,41644284.0,13.0,2025
충청남도,예산군,175403844.0,5.7,16398168.0,5.1,2025
충청남도,천안시,175403844.0,5.7,86549312.0,27.0,2025
충청남도,청양군,175403844.0,5.7,4858074.0,1.5,2025
충청남도,태안군,175403844.0,5.7,18089372.0,5.6,2025
충청남도,홍성군,175403844.0,5.7,13169202.0,4.1,2025
충청북도,괴산군,122791739.0,4.0,11617392.0,4.6,2025
충청북도,단양군,122791739.0,4.0,9427946.0,3.7,2025
충청북도,보은군,122791739.0,4.0,8748950.0,3.4,2025
충청북도,영동군,122791739.0,4.0,6800210.0,2.7,2025
충청북도,옥천군,122791739.0,4.0,12312321.0,4.8,2025
충청북도,음성군,122791739.0,4.0,19137626.0,7.5,2025
충청북도,제천시,122791739.0,4.0,15880270.0,6.2,2025
충청북도,증평군,122791739.0,4.0,6128328.0,2.4,2025
충청북도,진천군,122791739.0,4.0,13983854.0,5.5,2025
충청북도,청주시,122791739.0,4.0,119266945.0,46.8,2025
충청북도,충주시,122791739.0,4.0,31363073.0,12.3,2025
